date,Close,Open,High,Low,Last,Total Trade Quantity,Turnover (Lacs)
2/1/10 0:00,215.15,208,222.25,206.85,216,4642146,10062.83
2/1/10 1:00,209.2,217,218.6,205.9,210.25,3519515,7407.06
2/1/10 2:00,218.2,223.5,227.8,216.15,217.25,1728786,3815.79
2/1/10 3:00,227.6,230,237.5,225.75,226.45,1708590,3960.27
2/1/10 4:00,230.9,234.55,234.6,221.05,230.3,1534749,3486.05
2/1/10 5:00,233.75,234.05,235.95,230.2,233.5,3069914,7162.35
2/1/10 6:00,233.25,234.55,236.8,231.1,233.8,5082859,11859.95
2/1/10 7:00,234.25,240,240,232.5,235,2240909,5248.6
2/1/10 8:00,236.1,233.3,236.75,232,236.25,2349368,5503.9
2/1/10 9:00,233.3,233.55,239.2,230.75,234,3423509,7999.55
2/1/10 10:00,234.6,235,237,227.95,233.75,5395319,12589.59
2/1/10 11:00,234.9,235.95,237.2,233.45,234.6,1362058,3202.78
2/1/10 12:00,235.05,237.9,239.25,233.5,235.5,2614794,6163.7
2/1/10 13:00,236.6,233.15,238,230.25,236.4,3170894,7445.41
2/1/10 14:00,233.95,223.45,236.7,223.3,234,6377909,14784.5
2/1/10 15:00,222.65,216.35,223.7,212.65,221.65,4570939,10002.01
2/1/10 16:00,216,222.5,225.4,214.85,216.35,3508990,7735.81
2/1/10 17:00,222,222.5,235.15,220.65,221.05,7514106,17130.29
2/1/10 18:00,222.95,221,224.5,219.1,223.15,1232507,2742.84
2/1/10 19:00,221.05,224,225,218.2,220.95,1738824,3856.72
2/1/10 20:00,222.4,222,224.6,215.2,222.1,3023097,6674.93
2/1/10 21:00,223.7,238.2,238.2,222.6,223.45,3554859,8163.82
2/1/10 22:00,236.7,236,243.55,235.05,236.85,5242852,12538.39
2/1/10 23:00,234.3,237,239.75,232.95,234.65,3353833,7913.21
3/1/10 0:00,236,235.35,237.3,232.1,237.3,1921327,4516.57
3/1/10 1:00,234.55,233.85,237.7,232.7,234.2,1394661,3280.33
3/1/10 2:00,233.35,237,239.3,231.3,232.9,2374782,5571.77
3/1/10 3:00,237.05,231.8,239.35,231.05,236.8,1990020,4689.94
3/1/10 4:00,231,234.5,237.2,230.2,231.5,1838417,4289.35
3/1/10 5:00,235.45,240.3,240.6,233.1,235.5,1553953,3662.36
3/1/10 6:00,240.55,246.9,246.9,239.25,240.9,3272005,7941.4
3/1/10 7:00,245.15,244,247,243,244.7,1690225,4141.83
3/1/10 8:00,243,240.8,244.5,239.2,242.7,2838238,6885.52
3/1/10 9:00,239.35,236.05,242,235.95,240.35,2551480,6106.81
3/1/10 10:00,237.55,235,238.5,235,237.4,1885288,4459.96
3/1/10 11:00,234.55,233,236.45,232.25,235.2,1948583,4573.57
3/1/10 12:00,233.55,237.3,237.95,231.1,233.65,2035594,4757.48
3/1/10 13:00,237.3,236.65,239.85,235.3,237.25,1127248,2676.63
3/1/10 14:00,236.35,237.25,240.5,235.05,236.35,1807313,4305.39
3/1/10 15:00,237.6,241,241.55,235.3,237.5,1963538,4677.58
3/1/10 16:00,239.5,235.15,240.45,234.15,240,2560616,6080.87
3/1/10 17:00,234.65,236,239,232,235.2,3357945,7893.32
3/1/10 18:00,235.45,232.5,238.05,230.4,235,5700851,13328.52
3/1/10 19:00,235.65,248.7,254.95,234.35,235.1,13272609,32325.56
3/1/10 20:00,246.9,243.4,249.65,241.5,247.1,4422342,10917.34
3/1/10 21:00,242.2,243.7,247,240.9,243.65,1867720,4544.83
3/1/10 22:00,242.25,241,243.95,239.15,242.5,1581985,3821.97
3/1/10 23:00,239.1,235.9,242.95,234.5,239.5,3996921,9565.1
4/1/10 0:00,236.9,248.5,248.5,235.8,236.05,2310430,5596.44
4/1/10 1:00,246.3,244,249.2,241.9,246.3,2278457,5607.3
4/1/10 2:00,243.3,238.9,244.25,235.25,243.05,2351769,5645.48
4/1/10 3:00,238.6,231.25,240.95,231.25,238.9,3003282,7143.47
4/1/10 4:00,233.1,239.7,243.3,228.6,232.5,4223216,9934.06
4/1/10 5:00,238.65,248.4,249.6,232.7,238.1,3343525,8021.22
4/1/10 6:00,247.9,241.55,251.85,240.3,247.5,3158004,7794.77
4/1/10 7:00,243.25,257.9,257.9,242.1,243.9,3454849,8566.75
4/1/10 8:00,258.9,265,265.75,257.55,258.3,3357333,8804.57
4/1/10 9:00,265.2,270.4,272.45,264.35,264.5,2250217,6045.37
4/1/10 10:00,269.8,274.8,275.45,267.45,270,1407688,3811.57
4/1/10 11:00,274.75,275.9,277.8,272.55,274.55,1284523,3532.63
4/1/10 12:00,275.25,268.25,276.2,267,275.3,2267486,6168.1
4/1/10 13:00,266.3,269.8,273.25,265.7,266.2,2022333,5443.53
4/1/10 14:00,271.25,277.45,282.4,270,271.8,2338411,6459.01
4/1/10 15:00,277.3,281,281,275.35,277.7,3598212,9999.82
4/1/10 16:00,281,264.5,284.5,262.7,280.1,6676660,18483.41
4/1/10 17:00,264.45,271,273.1,263.25,264.5,3661633,9740.9
4/1/10 18:00,269.35,262.7,270.15,262.7,269.2,2077927,5519.02
4/1/10 19:00,263.95,263,268.25,261.45,265.05,4511203,11917.5
4/1/10 20:00,265.6,265.1,268.4,261.2,263.15,2234204,5905.05
4/1/10 21:00,267.35,264.8,269.7,263.3,264.6,2208389,5886.61
4/1/10 22:00,264.5,260.1,266.95,260.1,264.55,2103452,5563.82
4/1/10 23:00,262.1,257.9,263.55,256.45,261.95,2459832,6442.71
5/1/10 0:00,258.2,258.05,262.35,255.5,258.15,3020580,7806.4
5/1/10 1:00,260.85,263.7,264.75,257,260.55,3367252,8755.18
5/1/10 2:00,267.05,274.65,274.65,266.05,267,6224725,16640.21
5/1/10 3:00,275.35,271.55,276.85,269.15,274.9,1541522,4214.24
5/1/10 4:00,272.15,279.15,281,271.45,272.2,3133233,8614.03
5/1/10 5:00,277.8,269.8,278.75,268.2,278,3646744,10067.32
5/1/10 6:00,269.6,267,270.5,265.35,270,1232644,3311.87
5/1/10 7:00,267.6,262.75,268.4,262.75,267.2,1206633,3209.4
5/1/10 8:00,263.7,265.6,271.25,262.7,263.25,3538690,9470.3
5/1/10 9:00,266.95,263.7,269.35,263.55,266.7,1104173,2945.64
5/1/10 10:00,267.1,266.9,269.7,263.3,267,1527128,4075.26
5/1/10 11:00,265.75,262.75,266.7,260.35,265.55,2052017,5408.38
5/1/10 12:00,263.75,255.5,264.7,254.8,264.2,4208120,11030.56
5/1/10 13:00,255.25,265,265.4,253.5,255.5,1819147,4706.54
5/1/10 14:00,263.25,269.7,269.7,258.55,265.1,2622839,6920.49
5/1/10 15:00,269.2,267,272,260.7,269.05,3469905,9239.62
5/1/10 16:00,264.5,254,266,253.2,265.7,4154146,10876.9
5/1/10 17:00,257.5,257.4,262.7,257,257.9,2235734,5803.91
5/1/10 18:00,260.65,254.7,262.2,254.65,260.7,2649349,6862.75
5/1/10 19:00,257.85,252.2,259.4,252.2,258.5,2071496,5324.08
5/1/10 20:00,254.5,251,255.5,247.3,255,2921253,7380.24
5/1/10 21:00,250.2,246.5,252.35,245.55,250,4295785,10726.5
5/1/10 22:00,247.15,244,251.1,244,247.6,3175432,7874.05
5/1/10 23:00,243.55,244.1,248.35,240.55,244,3180360,7762.71
6/1/10 0:00,244.7,248.3,248.95,243.35,245.1,3297714,8103.65
6/1/10 1:00,247.5,243.5,249.3,242.5,247.5,7108750,17573.66
6/1/10 2:00,241.1,240,245.6,237.25,241.4,6328483,15295.87
6/1/10 3:00,242.65,256.45,259.5,240.75,242.45,9298329,23074.68
6/1/10 4:00,255.9,280,281.35,251.85,257,16822847,43913.37
6/1/10 5:00,287.5,284.4,290.5,284.4,287,1974327,5685.22
6/1/10 6:00,285.25,292.95,293,283.45,284.15,1446384,4157.17
6/1/10 7:00,292,289.6,294.35,288.6,292,1820409,5311
6/1/10 8:00,289.7,296,296.2,287.25,289.5,1720983,4998.87
6/1/10 9:00,294.2,288.8,295.5,287,295.05,1848551,5387.46
6/1/10 10:00,287.8,287.05,291.5,282.3,287.9,1399442,4014.1
6/1/10 11:00,286.65,292.75,292.75,283.1,286.45,2561225,7355.63
6/1/10 12:00,292.75,297.4,300,289.4,293,1857277,5479.6
6/1/10 13:00,297.55,293.9,298.5,292.05,297.85,3046154,9025.87
6/1/10 14:00,292.1,293.45,294.4,291.05,291.4,1858644,5443.94
6/1/10 15:00,291.2,292.5,293.65,288.75,291.2,4942803,14401.35
6/1/10 16:00,289.1,283.05,291.25,282.05,289.1,4804882,13808.09
6/1/10 17:00,283.15,283,288,281.8,283.7,2131466,6075.2
6/1/10 18:00,283.6,287.7,287.8,282.65,283.2,1687369,4794.16
6/1/10 19:00,286.3,285.95,288.8,283.65,286,2523492,7225.36
6/1/10 20:00,286.2,286,288.65,283.6,285.55,2434183,6966.56
6/1/10 21:00,284.1,282.3,287.45,279.25,285.35,4719061,13416.32
6/1/10 22:00,280.95,282,285.25,277.5,280.6,5799262,16355.69
6/1/10 23:00,279.65,274,280.2,272.55,279.4,3030999,8371.24
7/1/10 0:00,275.5,274,277.35,271.75,275.7,2196800,6024.34
7/1/10 1:00,273.85,273.9,277.8,271.65,273.9,2149205,5896.21
7/1/10 2:00,273.85,276.1,276.35,271.5,273.85,1996390,5454.47
7/1/10 3:00,275.5,280.2,280.7,274.1,275.8,2190930,6065.36
7/1/10 4:00,277.8,275,281.65,273,276.75,4623765,12889.29
7/1/10 5:00,272.7,274.8,275.65,271,272.7,1852060,5047.58
7/1/10 6:00,273,274.55,277,271.5,273,2658707,7260.79
7/1/10 7:00,270.25,276.7,279.05,269.55,270.15,3283985,8975.77
7/1/10 8:00,274.8,276,277.55,271.7,275.3,2613360,7162.95
7/1/10 9:00,276.95,259.35,278.4,259.35,277.45,6610831,17918.02
7/1/10 10:00,258.75,261.25,264,257.5,259.15,2283408,5951.18
7/1/10 11:00,263.8,264,265.75,260.75,264,3071911,8092.83
7/1/10 12:00,262.2,258.05,263.5,253.7,263.45,2440719,6332.93
7/1/10 13:00,257.9,251.05,258.9,250,258.2,2297852,5859.45
7/1/10 14:00,258.85,264.65,264.65,257.6,259.1,1681596,4369.46
7/1/10 15:00,263.2,265.3,266.3,262.15,262.9,1477158,3901.51
7/1/10 16:00,262.05,259.7,263.65,255.1,263.3,2855717,7453.21
7/1/10 17:00,260.6,272.6,273,258.35,260.65,3665423,9640.91
7/1/10 18:00,272.4,280.8,282.7,271.05,272.55,2762357,7633.86
7/1/10 19:00,279.6,278,284.4,277.25,279.55,2877987,8081.81
7/1/10 20:00,278.5,275.25,281.25,275.25,279,2056369,5729.14
7/1/10 21:00,278.2,278.05,281.3,273.2,278.2,3095190,8590.75
7/1/10 22:00,276.05,270,276.65,269.7,276,2583575,7052.02
7/1/10 23:00,268.35,275.9,275.9,266.6,268.5,1614381,4376.16
8/1/10 0:00,273.4,270.5,274.2,265,273.15,2246589,6068.8
8/1/10 1:00,268.9,272,274.45,265.15,268.9,4847214,13070.84
8/1/10 2:00,274.15,276.7,283.1,271.45,272.5,6601857,18367.89
8/1/10 3:00,275.65,274.8,276.95,270.55,276.6,4680138,12811.25
8/1/10 4:00,274.85,275,277.35,274.1,275.45,2322191,6392.67
8/1/10 5:00,275.5,273,277,272,275.4,2808234,7727.14
8/1/10 6:00,275,275,279.7,273.1,275.4,4778178,13208.65
8/1/10 7:00,273.5,273.55,274.8,271.55,274.8,3672359,10027.43
8/1/10 8:00,270.7,264.2,271.9,263,271.2,3895920,10479.23
8/1/10 9:00,262.15,265.95,269.9,261.1,262.9,5466484,14389.22
8/1/10 10:00,266.6,265,268.85,262.2,266.5,3638163,9678.53
8/1/10 11:00,262.85,268.7,274.2,261.65,263,5120799,13695.83
8/1/10 12:00,267.95,277,277.05,263,269,2620461,7022.82
8/1/10 13:00,275.6,280.25,282.75,274.2,275.5,1925414,5331.07
8/1/10 14:00,279.05,284.35,285.25,276,279.85,1807307,5082.79
8/1/10 15:00,281.95,287.95,289,280.9,281.5,2455660,7003.26
8/1/10 16:00,285.1,282.4,289.6,279.7,284.25,4583181,13079.39
8/1/10 17:00,278.25,271.1,279.8,271.1,278.65,3121544,8655.43
8/1/10 18:00,280.45,282,286.5,276.1,280.4,5863983,16553.84
8/1/10 19:00,280.15,270,284.4,270,279.65,8055761,22500.69
8/1/10 20:00,266.7,259,270.3,253.25,266,7044561,18431.55
8/1/10 21:00,273.1,265.1,276.9,255.15,275.5,6833906,18386.99
8/1/10 22:00,274.85,284,285,260.25,274.6,6697007,18375.08
8/1/10 23:00,288.35,290.25,294.9,278.6,289.55,4593306,13229.01
9/1/10 0:00,290.65,302.9,303.7,286.1,291.15,5397599,15929.24
9/1/10 1:00,304,300.95,307.3,299.45,304,2590100,7871.4
9/1/10 2:00,301.8,305.25,306.8,300.7,301.3,1806919,5489.77
9/1/10 3:00,304.25,304,311.25,301.65,305.3,3631793,11123.41
9/1/10 4:00,304.25,306,310.7,302.8,303.7,2154759,6585.37
9/1/10 5:00,307.2,310.7,310.7,304.05,307.7,4416130,13560.72
9/1/10 6:00,308.85,307.05,314.95,306.6,309,3278437,10171.94
9/1/10 7:00,308.35,306,310,300.95,309.9,3653286,11183.31
9/1/10 8:00,305.45,315.05,315.75,301.4,304.5,3408593,10502.65
9/1/10 9:00,313.55,313.85,317,307.55,314.05,3742677,11717.46
9/1/10 10:00,316.4,323,326.9,311.45,317.6,4683847,14922.72
9/1/10 11:00,323,327.7,328.75,321.65,323.7,4519030,14701.51
9/1/10 12:00,325.75,315.05,328.35,315,325.95,14484043,46643.39
9/1/10 13:00,313.3,314,316.7,311.8,313.1,3481728,10911.99
9/1/10 14:00,314.1,315,319.1,312.55,314.25,2517494,7944.49
9/1/10 15:00,315.3,317.6,319.65,314,314.7,2411068,7628.8
9/1/10 16:00,317.6,314.65,319.2,312.2,317.45,2171903,6855.32
9/1/10 17:00,312.95,312.3,315.85,310.35,312.85,1896601,5938.16
9/1/10 18:00,312.25,312,313.5,307.25,312.3,2703849,8380.41
9/1/10 19:00,311.2,311.9,315.15,310.15,310.95,2073353,6469.92
9/1/10 20:00,311.15,314.3,314.95,307.55,310.7,2014415,6252.42
9/1/10 21:00,312.9,317.75,317.8,311.8,313.45,1602814,5040.75
9/1/10 22:00,316.4,308.05,318,306.35,316.05,6874520,21586.26
9/1/10 23:00,306.6,306.5,309.3,303.55,306.8,4620000,14164.22
10/1/10 0:00,305.55,305.5,308.8,302.5,305.65,3315278,10164.51
10/1/10 1:00,305.95,303.7,307.7,300.55,305.5,3956481,12073.55
10/1/10 2:00,302.75,301,306.35,299.7,302.8,4703911,14271.47
10/1/10 3:00,300.15,302.25,303,298.15,300.2,2280137,6845.56
10/1/10 4:00,300.85,301,303.8,297.75,302,4692403,14149.92
10/1/10 5:00,300.65,292,301.45,291.7,300.7,8383608,24973.97
10/1/10 6:00,290.85,280,293.95,275.1,291.6,5912782,17013.97
10/1/10 7:00,286.85,289,289.95,286.15,287.1,3036814,8735.39
10/1/10 8:00,284.3,288,288.25,279.2,284.5,5575066,15810.93
10/1/10 9:00,284.45,290,292.5,282.2,284.8,6799578,19574.91
10/1/10 10:00,287.8,298.6,298.6,286.65,287.45,6874578,20150.22
10/1/10 11:00,298.35,290,299.55,285.9,297.85,8045275,23729.27
10/1/10 12:00,288.45,287.55,289.9,285.05,288.05,4297335,12354.21
10/1/10 13:00,284,276,284.85,275.65,284.8,3820082,10662.6
10/1/10 14:00,274.95,278.9,282.95,273.6,275.3,4358618,12100.11
10/1/10 15:00,279.95,279.4,283.75,278.15,280.4,4876970,13694.44
10/1/10 16:00,279.05,285,286.5,276.4,280.3,5784862,16212.97
10/1/10 17:00,283.55,288.45,293.6,282.6,284,7150041,20637.33
10/1/10 18:00,287.1,278.9,292.2,277.55,288.1,9944314,28436.36
10/1/10 19:00,280.2,287.3,290.65,278.3,279.05,6464166,18367.29
10/1/10 20:00,287.75,277,289.8,276.5,287.2,11258640,32227.87
10/1/10 21:00,277.45,277.5,278.4,274.3,277.75,2208868,6106.05
10/1/10 22:00,278.7,275.05,280,275.05,277.2,3855810,10704.91
10/1/10 23:00,274.8,273.15,276.95,270.5,276.25,3371088,9240.31
11/1/10 0:00,274.05,273.5,275.85,267.75,275,5015906,13645.79
11/1/10 1:00,273.15,275.9,280.75,271.15,273.5,12063135,33327.37
11/1/10 2:00,274.9,261.15,276.25,259.25,275.15,13458563,36047.39
11/1/10 3:00,259.9,252.25,260.8,250.8,258.95,6857865,17611.63
11/1/10 4:00,251.95,254,254.65,247.2,251.25,6292626,15781.35
11/1/10 5:00,250.9,237.9,253.35,237.9,252.15,17805319,44321.86
11/1/10 6:00,246.7,234.7,248,228.4,246.4,15847309,37901.49
11/1/10 7:00,234.4,236.3,239.8,232.85,233.95,2923051,6914.92
11/1/10 8:00,236.15,240.7,244,234.65,236.3,7726311,18509.13
11/1/10 9:00,240.45,225.8,241.6,225.3,239.85,11299727,26521.93
11/1/10 10:00,224.5,226,228,222.55,225.4,3299527,7424.32
11/1/10 11:00,225,235,235.5,221.3,225,5306883,12105.05
11/1/10 12:00,234.7,224.9,236.9,224,234.45,6994467,16298.62
11/1/10 13:00,225.3,227,227.9,224.35,225.5,1920643,4331.7
11/1/10 14:00,226.35,227.9,231.25,223.4,226.95,7866167,17834.16
11/1/10 15:00,227.8,226.95,231.4,226.35,228,3608627,8238.83
11/1/10 16:00,226.95,226.95,228.25,223.15,227.5,5175219,11696.96
11/1/10 17:00,226.8,225,230.25,222.5,226.5,13953152,31569.51
11/1/10 18:00,220.5,211.3,221.8,209.75,221.7,8891566,19257.33
11/1/10 19:00,209.8,204.95,210.85,203.4,209.7,4964383,10341.97
11/1/10 20:00,205.3,211,211.5,203,205,2640192,5437.31
11/1/10 21:00,209.65,204,210.25,203.55,209.7,3568231,7402.2
11/1/10 22:00,203.1,205.5,207.45,202.6,203.75,2952899,6030.3
11/1/10 23:00,204.6,207.9,207.95,203.7,203.85,532661,1095.73
12/1/10 0:00,206.8,211.45,211.45,205.6,207.5,4687271,9730.6
12/1/10 1:00,210.3,210.4,213.35,209.05,210.55,3269191,6898.79
12/1/10 2:00,209.6,210.3,211.85,207.1,209.4,2658347,5563.4
12/1/10 3:00,210.25,211,214.2,209.25,210,3171251,6713.26
12/1/10 4:00,212,211,212.9,208,212,3902627,8224.13
12/1/10 5:00,209.4,209.45,216,205.6,209.75,6891689,14629.38
12/1/10 6:00,208.45,209.5,211.15,207.7,208.5,2125747,4448.8
12/1/10 7:00,208.3,209.65,211.35,207.65,208.25,1653094,3454.22
12/1/10 8:00,209.6,210,212.25,208.65,209.6,2534607,5332.72
12/1/10 9:00,209.45,204.95,210.55,204.55,210.5,2228532,4637.19
12/1/10 10:00,204.95,207.3,207.7,203.15,205.7,1964885,4032.28
12/1/10 11:00,206.45,207.25,210.55,205,206.85,1985873,4118.57
12/1/10 12:00,205.8,204.5,209.9,203.4,206.6,3721338,7700.44
12/1/10 13:00,203.15,199.05,204.5,198.7,204,4602566,9312.65
12/1/10 14:00,198.6,206.5,207,196.65,198.5,3331256,6727.73
12/1/10 15:00,204.65,196,206.45,195.3,204.95,5546594,11185.5
12/1/10 16:00,196.65,201.45,202,192.3,197,4019965,7877.39
12/1/10 17:00,201.15,211,211,200,201.2,3851873,7911.13
12/1/10 18:00,212.2,214,214.8,207.3,213.5,2914695,6159.43
12/1/10 19:00,213.7,216.4,216.85,213.1,213.65,2906933,6234.53
12/1/10 20:00,216.2,213,220.2,212.85,216.4,9580786,20840.29
12/1/10 21:00,213.3,212.65,215,210.7,213.45,2491966,5303.92
12/1/10 22:00,210.55,211,213.7,208.85,210.1,2608124,5500.51
12/1/10 23:00,212.05,208.5,213.8,207.35,212.5,2980684,6266.23
13/1/10 0:00,207.3,214.65,214.95,206.2,208.8,4637092,9768.64
13/1/10 1:00,212.05,212,213.65,210.15,211.7,4884083,10349.32
13/1/10 2:00,209.25,209.2,211.05,207.3,209.4,3393087,7098.12
13/1/10 3:00,206.9,206.1,210.8,205.45,206.55,6430260,13393.1
13/1/10 4:00,205.75,207.95,209.3,204.8,205.4,5862028,12129.82
13/1/10 5:00,205.95,195.1,207.2,194.6,206.5,14490021,29584.24
13/1/10 6:00,196.7,194.3,197.4,193.3,197.15,3442385,6738.89
13/1/10 7:00,193.3,198,198.4,190.5,193.3,4372250,8461.6
13/1/10 8:00,197.6,198.25,200.65,196.3,197.8,3401210,6743.59
13/1/10 9:00,198,198.5,200.7,196.1,198.2,7760949,15413.6
13/1/10 10:00,197.05,193,198.15,192.35,197.5,7173447,14034.74
13/1/10 11:00,190.35,192.95,197.5,189.35,190.55,5679382,10969.25
13/1/10 12:00,193.3,195,196.3,192.05,193.9,3684762,7147.52
13/1/10 13:00,194.25,197.3,198.3,193.7,194.2,4587179,8960.23
13/1/10 14:00,196.55,191.5,197.45,189.15,196.75,7522673,14522.9
13/1/10 15:00,189.85,197.15,199.5,188.85,190.6,7466196,14417.1
13/1/10 16:00,196.15,196.65,203,194.4,196.5,15744338,31403.67
13/1/10 17:00,194.4,189.8,196.4,188.05,195.7,10030010,19308.69
13/1/10 18:00,190.6,194,197.4,189.8,190.9,10381703,20050.09
13/1/10 19:00,193.85,182.5,196.75,181.5,194,29191015,55755.08
13/1/10 20:00,178.75,166,180.3,165.1,177.3,9368807,16312.73
13/1/10 21:00,164.2,155.1,164.8,152.05,163.4,6027593,9628.51
13/1/10 22:00,156,161.85,163.5,153.2,157.3,2470478,3921.42
13/1/10 23:00,162.1,165.5,166.9,160.45,161,1267995,2082.83
14/1/10 0:00,166,171.8,171.8,165.6,166.25,2372930,3988.91
14/1/10 1:00,170.45,167,171.7,167,170.5,2548868,4339.35
14/1/10 2:00,166.45,164.7,167.6,163.85,166.35,2298689,3815.79
14/1/10 3:00,166.65,165.95,169.4,164.5,167,2895078,4845.26
14/1/10 4:00,165.1,168,168.55,164.2,164.85,2009220,3334.75
14/1/10 5:00,167.5,171,171.75,166.75,167.8,2140964,3622.9
14/1/10 6:00,169.55,169.5,172.4,168.35,170.1,1896521,3230.5
14/1/10 7:00,169.15,167.9,170.65,166.85,168.85,2290563,3860.48
14/1/10 8:00,168.4,173.85,173.85,167.7,168.4,2370296,4031.92
14/1/10 9:00,172.2,172,175.35,170.75,172.35,3803339,6583.98
14/1/10 10:00,171.15,170.5,172.25,169.2,171.7,2103806,3600.42
14/1/10 11:00,170,172.2,174.3,169.45,170.4,2636591,4536.3
14/1/10 12:00,172.2,171.9,173.85,169.7,172.5,4670938,8039.92
14/1/10 13:00,171.3,175.4,176.25,170.3,171,2791324,4827.35
14/1/10 14:00,175.15,173.8,177.4,173.7,175.1,4161102,7313.99
14/1/10 15:00,173.75,176.1,178.7,173.05,173.95,3264325,5734.23
14/1/10 16:00,177,174.25,179.3,172.6,176.95,4882663,8646
14/1/10 17:00,174.2,175.9,175.9,172.05,174.25,2831387,4932.13
14/1/10 18:00,175.4,175.35,176.7,171.2,174.75,5222043,9084.43
14/1/10 19:00,173.75,171.05,174.8,169,173.35,10623109,18368.34
14/1/10 20:00,169.5,167.05,172.8,167.05,169.25,12571250,21392.59
14/1/10 21:00,166.55,159,167.85,157.1,167.2,4761386,7866.08
14/1/10 22:00,157.75,153.15,158.9,153.1,157.65,6442241,10106.02
14/1/10 23:00,153.35,156.5,157.8,152.75,153.25,4873097,7546.37
15/1/10 0:00,156.15,151.5,157.1,150,156.3,5849123,9038.88
15/1/10 1:00,150.05,153.7,154.15,149.75,150.1,3080845,4670.92
15/1/10 2:00,151.6,152.5,155.65,150.75,151.65,8680232,13243.65
15/1/10 3:00,150.65,148,151.7,147.1,150.5,1854572,2787.02
15/1/10 4:00,148.5,149.95,151.7,147.9,149.5,2280933,3427.43
15/1/10 5:00,149.15,147.25,150.2,146.4,149,2135161,3171.42
15/1/10 6:00,147.35,151.15,151.95,145.75,147.4,1465569,2168.84
15/1/10 7:00,151.15,154.6,155,149.8,151.3,1980476,3003.79
15/1/10 8:00,154.75,157,158.6,154,154.2,2216575,3452.47
15/1/10 9:00,156.8,156.8,159.4,156.05,156.65,2770731,4366.89
15/1/10 10:00,156.85,156.75,158.65,155.55,156.6,1212404,1905.12
15/1/10 11:00,156.4,159,159.55,155.9,156.3,1362450,2137.51
15/1/10 12:00,158.2,159.95,161.8,157.7,157.8,1968954,3144.41
15/1/10 13:00,159.1,158.45,162.75,157.6,158.75,3647423,5845.75
15/1/10 14:00,158.45,156.95,160.45,155.05,158.15,4815053,7637.53
15/1/10 15:00,156.45,152.45,157.7,151.7,155.75,3463217,5359.78
15/1/10 16:00,152.1,153.5,154.5,151.75,151.8,1438107,2198.67
15/1/10 17:00,154.4,154.9,155.65,152.8,154,1319642,2033.52
15/1/10 18:00,154.6,155.1,156.9,153.4,154.2,1479812,2293.76
15/1/10 19:00,155.55,152.65,156.4,152.4,155.1,1943703,3006.86
15/1/10 20:00,153,155,155.65,152.2,152.5,1290705,1983
15/1/10 21:00,154.95,155.05,156.5,152.9,154.8,1647207,2549.95
15/1/10 22:00,154.85,153.1,158.35,152.15,154.6,3603942,5621.37
15/1/10 23:00,152.4,148.35,154,148.25,153.05,2952069,4485.21
16/1/10 0:00,149.4,148.55,151,147.55,149.7,3325237,4964.89
16/1/10 1:00,145.55,145,146.2,143.7,145.45,1513053,2196.49
16/1/10 2:00,145.4,147.2,147.5,143.9,144.9,977041,1425.46
16/1/10 3:00,146.9,144,147.25,143.5,146.9,1417686,2068.14
16/1/10 4:00,143.05,143.45,144.65,142.1,143.25,1842806,2641.78
16/1/10 5:00,141.7,145.2,146.1,140.2,142,1755862,2511.75
16/1/10 6:00,144.75,148.05,148.4,143.65,144.7,1355129,1972.13
16/1/10 7:00,147.8,149.8,151.15,147.2,147.95,1098727,1636.02
16/1/10 8:00,149.5,149.5,153.8,148.35,149.3,2744849,4157.98
16/1/10 9:00,147.5,152,152.6,147,147.1,1233917,1847.07
16/1/10 10:00,152.85,154,154.65,152.5,152.5,1161590,1779.67
16/1/10 11:00,154.45,154.6,155.45,153,153.85,1306020,2013.41
16/1/10 12:00,154.6,152.65,155,152.45,154.55,1012554,1558.96
16/1/10 13:00,152.65,154,154.75,151.65,152.6,940916,1435.63
16/1/10 14:00,154,155,156.2,153.2,153.75,589464,910.88
16/1/10 15:00,154.85,154.9,156.35,153.9,154.65,1186929,1838.9
16/1/10 16:00,154.05,153.2,155.15,152.55,154,939148,1444.34
16/1/10 17:00,152.6,152.8,154.15,151.95,152.45,1239593,1897.26
16/1/10 18:00,152.3,156.5,156.5,151.1,152,1349536,2073.09
16/1/10 19:00,155.35,156.3,158.3,154.8,155,1653237,2581.07
16/1/10 20:00,156.2,158.85,158.85,155.55,156.25,1523044,2385.92
16/1/10 21:00,157.7,154.3,161.45,153.75,157.5,6827849,10835.58
16/1/10 22:00,153.1,153.4,154.7,152,152.8,1132516,1736.48
16/1/10 23:00,152.1,155,155.4,151.55,152,1388038,2122.54
17/1/10 0:00,153.75,152.45,156.6,151.6,154.05,4161713,6433.14
17/1/10 1:00,151.7,152.4,153.15,151,151.6,945527,1437.23
17/1/10 2:00,151.95,151,153.25,151,151.5,1079887,1642.96
17/1/10 3:00,151.3,153.5,153.9,149.7,151.2,1293698,1966.07
17/1/10 4:00,152.15,150.25,153.6,150.25,152,1540540,2346.43
17/1/10 5:00,150.2,147.9,150.8,147.5,150.6,1092317,1632.17
17/1/10 6:00,148.15,149.1,152.5,147.5,147.7,1563947,2356.03
17/1/10 7:00,149.45,151,151,148.55,149.05,830703,1242.12
17/1/10 8:00,150.5,152,153,149.8,150,1272204,1929.81
17/1/10 9:00,151.75,153.95,153.95,150.3,151.8,1907247,2899.6
17/1/10 10:00,153.4,151.5,153.75,151.05,153.7,2064221,3146.21
17/1/10 11:00,150.95,151.5,152.25,149.4,150.55,1857915,2800.01
17/1/10 12:00,150.6,152.8,154.45,150,150,1444642,2202.25
17/1/10 13:00,153.05,152.9,154.35,151.25,152.55,2295942,3509.67
17/1/10 14:00,152.65,152.8,154.8,151,152.75,2011288,3079.38
17/1/10 15:00,151.9,150.65,153.5,150.3,151.3,1788548,2722.96
17/1/10 16:00,150.55,151.45,152.1,150.1,150.5,1193137,1803.31
17/1/10 17:00,150.15,151.45,152.75,149.7,150,3022795,4557.84
17/1/10 18:00,150.6,151.7,153,149.5,150.1,2092924,3168.41
17/1/10 19:00,150.55,149.9,153.9,148,153,2740120,4110.55
17/1/10 20:00,148.6,151,151.9,148,148,2933289,4381.41
17/1/10 21:00,151.15,152.9,153.15,150.5,150.85,3485991,5286.28
17/1/10 22:00,151.6,143.9,152.5,143.2,151.7,6422298,9552.1
17/1/10 23:00,143.1,145.55,145.55,142.2,142.75,2306755,3313.05
18/1/10 0:00,145.9,147,148.45,145.1,145.6,2955856,4332.96
18/1/10 1:00,146.45,144.8,147.45,144.8,146.55,2675495,3920.26
18/1/10 2:00,144.8,145.7,145.7,142.25,144.5,1898811,2738.14
18/1/10 3:00,144.7,141.6,145.5,141.35,144.45,3987646,5746.46
18/1/10 4:00,140.9,139.6,142.1,139.3,140.95,1279451,1805.03
18/1/10 5:00,139.5,140.2,140.4,138.6,139.6,838219,1169.88
18/1/10 6:00,137.1,140.85,142.25,136.75,137.15,1671172,2322.75
18/1/10 7:00,140.8,140.6,142.35,140.2,140.6,1073015,1515.67
18/1/10 8:00,141.4,142.4,143,140.05,140.8,1103877,1561.79
18/1/10 9:00,142.75,143,144.15,142.2,142.4,727617,1040.72
18/1/10 10:00,143.25,143.95,145.2,142.1,142.8,2043052,2933.15
18/1/10 11:00,143.35,141.1,144.2,140.1,143.25,1672938,2381.46
18/1/10 12:00,141.1,145.45,145.75,140.05,141.1,1765255,2518.52
18/1/10 13:00,143.6,138.5,145.8,138.25,144.1,4919352,7066.2
18/1/10 14:00,138.05,139.15,139.85,136.75,138.15,1513693,2088.58
18/1/10 15:00,138.9,139,140.45,138.35,138.45,1129032,1574.65
18/1/10 16:00,139.25,140.05,140.9,138.7,139.1,1340126,1871.67
18/1/10 17:00,140,142.55,142.75,139.6,139.75,1296093,1827.19
18/1/10 18:00,141.6,142.15,143.2,141,141.7,1671915,2369.22
18/1/10 19:00,141.6,141,142.6,139.8,141.4,1517679,2144.39
18/1/10 20:00,140.15,140.9,141.95,139.65,139.8,952450,1341.58
18/1/10 21:00,140.1,139.2,140.7,138.1,140.65,942382,1314.08
18/1/10 22:00,138.75,140.9,142.85,138,138.4,1193620,1672.79
18/1/10 23:00,141.2,142.4,143.7,139.95,140.9,1395593,1978.89
19/1/10 0:00,141.95,144.9,146.85,141.25,141.5,2224197,3183.39
19/1/10 1:00,143.95,143.95,145.5,142.6,144,1367413,1969.94
19/1/10 2:00,143.9,146,147.15,143.05,143.75,1726818,2498.72
19/1/10 3:00,146.15,141.95,146.9,141.35,145.85,2162887,3121.95
19/1/10 4:00,141.65,142.1,145.8,140.1,141.9,2205918,3157.09
19/1/10 5:00,142.75,141.9,144.75,141.2,142.8,2127506,3039.13
19/1/10 6:00,141.85,138.2,143.9,137.1,141.55,3569132,5036.55
19/1/10 7:00,137.65,132.45,138.8,132.4,137.4,6652685,9084
19/1/10 8:00,130.1,129.05,130.65,127.35,129.85,1221969,1580.78
19/1/10 9:00,128.85,130.5,132,128.5,128.7,1614154,2100.16
19/1/10 10:00,130.45,129.1,131.8,128.1,130.25,1256759,1635.01
19/1/10 11:00,129.2,128.35,129.95,128.35,128.8,759876,982.7
19/1/10 12:00,128.35,129.25,129.25,127.45,128.3,909771,1166.6
19/1/10 13:00,128.45,128.8,128.95,126.85,128.5,996229,1272.85
19/1/10 14:00,127.9,127.6,128.4,126.6,127.65,746313,952.83
19/1/10 15:00,126.4,130.25,131.35,126,126.9,961631,1233.64
19/1/10 16:00,130.5,129.8,131.55,129.15,130.25,1308883,1708.02
19/1/10 17:00,128.65,128,130.45,127.7,128.5,1059940,1367.68
19/1/10 18:00,127.6,128.6,129.4,126.55,127.5,851814,1090.57
19/1/10 19:00,127.65,128.2,128.4,127,127.6,538746,688.06
19/1/10 20:00,128.35,126.9,130.9,126.65,128.15,3617760,4668.88
19/1/10 21:00,125.15,128.3,128.4,124.05,124.9,1403598,1764.05
19/1/10 22:00,127.55,125,127.9,124.55,127.65,839283,1061.75
19/1/10 23:00,124.45,125.5,125.5,123.8,124.5,533212,663.16
20/1/10 0:00,124.75,124.75,125.5,123.95,124.75,414927,517.65
20/1/10 1:00,124.65,125.4,126.95,124.05,124.5,1255021,1573.67
20/1/10 2:00,125.2,124.75,125.65,124.55,125.3,503565,630.23
20/1/10 3:00,124.45,125,126.05,123.8,124.1,656213,818.98
20/1/10 4:00,124.45,122.8,125.4,122.8,124.75,580430,721.93
20/1/10 5:00,123.55,122.8,124.2,121.35,123.55,1102178,1354.06
20/1/10 6:00,122,121.1,123.3,121.1,122,1017447,1244.54
20/1/10 7:00,121.1,119.6,122.15,119.6,121.3,1025503,1241.44
20/1/10 8:00,119.6,119.2,122,119.2,119.8,866902,1047.42
20/1/10 9:00,120.55,117,121.05,116.45,120.05,728501,870.77
20/1/10 10:00,117,118.8,118.85,116.3,117.4,425216,498.73
20/1/10 11:00,118.85,119.5,119.8,118,118.7,749376,891.02
20/1/10 12:00,119.4,122.4,122.4,119,119.3,839802,1006.49
20/1/10 13:00,121.6,120.75,122.95,120.75,121.95,677057,826.44
20/1/10 14:00,121.25,124.8,125,120.75,121.2,646197,790.28
20/1/10 15:00,124.3,124.8,126.1,124,124.05,923038,1153.8
20/1/10 16:00,124.3,125,125,122.95,124,804735,997.33
20/1/10 17:00,124.45,122.5,126.85,122.2,124.4,2212399,2759.52
20/1/10 18:00,122.75,123.85,124.8,122.4,122.95,826188,1021.86
20/1/10 19:00,123.35,124.05,125,123.05,123.4,502421,621.51
20/1/10 20:00,123.35,123.9,125,122.1,123.45,760874,942.51
20/1/10 21:00,123.9,124.35,124.6,123.5,123.7,920060,1141.18
20/1/10 22:00,123.85,123,125.1,123,123.75,1090370,1354.02
20/1/10 23:00,122.3,124.35,124.5,120.75,122.5,1217621,1497.39
21/1/10 0:00,123.4,123.8,125.25,122.8,123.6,1486818,1846.66
21/1/10 1:00,123.65,121.45,124.85,121.1,124,1401882,1726.87
21/1/10 2:00,121.55,121.5,123.4,120.3,121.7,1343432,1636
21/1/10 3:00,121.9,124.65,124.65,121.55,121.85,1205710,1487.76
21/1/10 4:00,123.85,122.95,124.4,122.5,123.8,1616908,1998.63
21/1/10 5:00,121.95,122.8,124.2,121.5,122.45,1993986,2444.39
21/1/10 6:00,120.95,118.55,121.8,117.5,120.75,1738935,2098.12
21/1/10 7:00,118.5,116,119.2,115.6,118.8,1474301,1729.5
21/1/10 8:00,115.1,117.65,117.65,114.5,115.2,2220419,2571.17
21/1/10 9:00,117.65,118.8,118.9,116.85,117.75,2170944,2551.58
21/1/10 10:00,117.3,117.8,118.8,116.05,117.45,3411500,3996.57
21/1/10 11:00,115.65,120.1,121.8,114.9,115.8,1976322,2322.63
21/1/10 12:00,120.1,118.9,121,118.3,120.9,2008909,2408.65
21/1/10 13:00,118.6,121.7,122.8,115.2,118.4,1306586,1571.34
21/1/10 14:00,121.3,123.1,125.3,120.4,120.8,4703414,5766.07
21/1/10 15:00,117,119.8,119.8,114.25,116.9,2405650,2821.05
21/1/10 16:00,118.65,123,125.35,117.25,119.8,3058329,3676.04
21/1/10 17:00,125.4,124,127.1,123.65,125.3,2170482,2726.12
21/1/10 18:00,121.9,118,122.9,114.95,122.3,5272740,6252.64
21/1/10 19:00,127.45,130,131,126.55,127.95,2758553,3546.48
21/1/10 20:00,128,127.7,130.4,127.25,128.35,1948286,2510.17
21/1/10 21:00,126.85,131,132,126,126.4,4614456,5932.76
21/1/10 22:00,131.35,134.1,136.25,130.8,131.5,2063211,2736.84
21/1/10 23:00,134.95,138,138,134.5,134.95,2026448,2751.99
22/1/10 0:00,138.6,139.4,140.75,138.3,138.5,1497745,2087.7
22/1/10 1:00,139.4,140.65,141,139,139.2,428310,598.95
22/1/10 2:00,139.95,138,141.3,138,139.5,2281364,3195.54
22/1/10 3:00,137.75,139.5,141.2,135.65,138,8524741,11813.66
22/1/10 4:00,145.4,148,151.2,144.05,144.5,3586046,5290.8
22/1/10 5:00,150,149.05,151.75,148.4,149.95,3234883,4848.43
22/1/10 6:00,154.05,152.9,156,152,153.5,2715234,4200.26
22/1/10 7:00,152.5,152.45,154.2,151.15,151.95,1751366,2667.13
22/1/10 8:00,152.35,155.95,156.65,151.95,152.5,2780284,4276.92
22/1/10 9:00,154.6,152,157.7,150.85,154.15,6685790,10411.71
22/1/10 10:00,151.9,150.95,152.7,150.75,151.4,2736835,4153.1
22/1/10 11:00,150.25,153,154.25,149.2,150.15,3180180,4826.62
22/1/10 12:00,153.2,149,154.2,147.4,153.3,3968866,6001.16
22/1/10 13:00,147.85,151.45,153,145.1,147.5,3116651,4631.63
22/1/10 14:00,151.65,151.9,153.95,151.1,152.15,2063455,3145.51
22/1/10 15:00,151.25,152.3,154.5,150.6,151.4,4097231,6233.4
22/1/10 16:00,150.9,153.95,155.45,148.6,151.25,6256632,9528.1
22/1/10 17:00,153.3,141.95,154.4,140.45,152.85,9741635,14554.9
22/1/10 18:00,141.8,142.5,143.25,138.75,142,2678079,3782.65
22/1/10 19:00,142.35,140.95,143.15,139.8,142.45,1927658,2741
22/1/10 20:00,139.6,136.95,140.9,136.2,139.55,1471713,2041.23
22/1/10 21:00,137,147.9,148,134.35,137.4,4753568,6621.12
22/1/10 22:00,146.75,148.1,149.15,145.6,146.85,6464628,9527.29
22/1/10 23:00,144.55,140.9,146.4,140.55,146.25,3316650,4746.09
23/1/10 0:00,140.65,143.45,144.25,140,140.45,2769361,3938.54
23/1/10 1:00,142.4,138.9,144,138.1,142.25,3538509,5004.07
23/1/10 2:00,138.9,139.15,139.95,137.7,138.55,1204798,1671.52
23/1/10 3:00,138.05,138,140.35,137.6,138,1635459,2272.11
23/1/10 4:00,138,139.7,140.35,137.5,137.65,1787917,2480.4
23/1/10 5:00,139.9,139.85,141.3,138.95,139.55,1362666,1906.02
23/1/10 6:00,139.85,138.35,141.7,137.85,139.7,3029995,4235.35
23/1/10 7:00,137,137.35,138.5,136.3,137,1451283,1991.88
23/1/10 8:00,137.45,135.2,138.2,135.1,137.5,1045853,1429.46
23/1/10 9:00,135.3,137.9,138.4,134.95,135.5,2248691,3060.59
23/1/10 10:00,139.7,142.2,142.7,138.8,139.5,1199464,1687.44
23/1/10 11:00,142.2,142.25,143.5,141.8,142.25,1155009,1647
23/1/10 12:00,142.2,141.75,144.2,141.3,142.5,2381717,3401.42
23/1/10 13:00,141.75,141.9,143.25,141.25,141.7,1300643,1852.52
23/1/10 14:00,141.6,141.4,142.6,141,141.8,1681308,2384.65
23/1/10 15:00,141.1,140.25,143.35,140,141.1,2493654,3534.56
23/1/10 16:00,140.25,140.1,141.6,140,140.1,1401308,1969.16
23/1/10 17:00,140.2,139.65,140.75,138.75,140.1,1832319,2561.91
23/1/10 18:00,139,140.55,141.15,137.8,139.05,1604324,2231.58
23/1/10 19:00,139.9,141,141.7,138.9,139.8,1468343,2058.33
23/1/10 20:00,140.45,143.4,145.5,140.1,140.6,4868511,6958.79
23/1/10 21:00,140.25,140.4,142.45,139.8,140.2,2956023,4163.7
23/1/10 22:00,139.6,138.7,141,138.4,139.9,1282978,1791.19
23/1/10 23:00,138.4,142,142.05,138,138.4,1398679,1947.98
24/1/10 0:00,141.25,139.85,141.85,138.75,141.05,2298138,3228.51
24/1/10 1:00,138.85,138.45,139.55,137.85,138.75,901208,1250.08
24/1/10 2:00,137.65,138.8,139.4,137.15,137.7,778141,1074.7
24/1/10 3:00,138.05,136.9,139.1,136.1,137.65,1518494,2088.3
24/1/10 4:00,136.95,137.8,139.45,136,136.75,1024054,1414.49
24/1/10 5:00,137.3,137.5,139.25,135.75,137.9,1140212,1568.72
24/1/10 6:00,137.75,144.25,144.5,137.25,137.45,3289526,4614.1
24/1/10 7:00,143.25,143.9,147,139.15,142.7,8549636,12302.18
24/1/10 8:00,142.9,138.55,143.5,138.4,142.7,2430227,3446.81
24/1/10 9:00,139.1,138.5,140.65,138.5,139.45,1427614,1988.02
24/1/10 10:00,138.3,136,139.4,135.5,138.15,1515003,2088.78
24/1/10 11:00,135.75,138.4,140.05,135.1,135.6,1451654,1996.69
24/1/10 12:00,138.4,141,141.8,138.1,138.4,1175233,1646.87
24/1/10 13:00,141,143,144.85,138.25,141,1987955,2823.73
24/1/10 14:00,142.15,140.9,144.7,139.2,142.5,3056272,4351.61
24/1/10 15:00,140.15,138,142.25,136.55,140.1,3754038,5255.56
24/1/10 16:00,137.45,131.45,138.75,131.45,137.65,3576969,4878.82
24/1/10 17:00,131.15,133.45,134.55,130.55,131.2,1271947,1687.67
24/1/10 18:00,133.45,131.75,134,131.2,133.25,1656721,2195.84
24/1/10 19:00,131.5,131.9,132.9,131.2,131.3,2012357,2649.89
24/1/10 20:00,131.8,134.8,134.8,131.15,131.55,1884426,2501.25
24/1/10 21:00,133.85,130.35,134.8,130.35,133.9,1887075,2518.99
24/1/10 22:00,130.05,131.5,131.5,128.8,130.95,3903542,5074
24/1/10 23:00,129.95,133,133.45,129.15,129.55,2283784,3004.79
25/1/10 0:00,132.6,134,134.5,132.25,132.6,1587827,2112.71
25/1/10 1:00,132.6,132.9,133.3,131.6,132.9,1093389,1448.93
25/1/10 2:00,132.15,132.9,133.8,131.1,132.2,1306338,1726.29
25/1/10 3:00,132.9,133.45,135.15,132.5,132.75,1612081,2157.91
25/1/10 4:00,133.1,134,135,132.7,133.1,1689644,2259.91
25/1/10 5:00,132.6,134.45,134.6,131.45,132.55,1296935,1718.88
25/1/10 6:00,134.45,133.5,136.4,133.45,134.4,2125346,2871.1
25/1/10 7:00,133.9,134.25,136.15,133.2,133.75,942568,1269.1
25/1/10 8:00,134.1,135.6,135.8,133.8,134.5,1144671,1539.68
25/1/10 9:00,134.9,132,136.75,131.5,134.25,5379977,7243.79
25/1/10 10:00,131.2,130.5,131.95,129.45,131.6,2810587,3671.52
25/1/10 11:00,129.7,128.15,130.9,128.1,129.55,2735697,3551.68
25/1/10 12:00,127.85,127.5,128.6,126.75,128.25,2563561,3275.46
25/1/10 13:00,125.95,124.75,126.4,124.3,125.95,2162032,2715.77
25/1/10 14:00,124.25,120.5,124.85,117.1,123.4,3585896,4327.25
25/1/10 15:00,126.75,127.5,128.15,125.6,126.4,1408701,1784.79
25/1/10 16:00,127.25,125.6,128.65,124.7,127,2792498,3546.81
25/1/10 17:00,125.45,126.3,126.8,125.1,125.15,447117,563.25
25/1/10 18:00,126.15,124.55,127.15,124.55,126,732869,923.88
25/1/10 19:00,125.7,126.5,128.35,124.7,125.4,1717907,2178.65
25/1/10 20:00,126.1,126.9,128.55,123.8,125.8,1489092,1881.45
25/1/10 21:00,127,127.25,128.15,126.6,126.75,1662070,2116.66
25/1/10 22:00,126.5,129.4,129.5,126,126.35,2902578,3705.09
25/1/10 23:00,128.15,122,129,122,127.9,4305954,5461.09
26/1/10 0:00,123.65,125.3,126,122.7,123.75,900666,1119.05
26/1/10 1:00,124.95,127.3,127.45,124.6,125.05,2825223,3554.62
26/1/10 2:00,124.4,119.3,126.5,118.9,126,2390316,2952.57
26/1/10 3:00,119.35,119.4,120.35,118.85,119.7,690551,826.5
26/1/10 4:00,119.3,120.35,121.2,118.6,119.35,866406,1034.82
26/1/10 5:00,120.2,120.95,122.1,119.7,120.35,1783456,2152.68
26/1/10 6:00,119.25,118.5,119.8,117.65,119.65,549738,651.64
26/1/10 7:00,118.05,118.2,119.45,117.85,117.9,581341,689.22
26/1/10 8:00,117.75,117.8,119.1,117.55,118.1,658231,777.45
26/1/10 9:00,117.95,118,119.65,117.3,117.9,692008,819.71
26/1/10 10:00,117.3,118.1,119.4,116.85,117.05,676137,797.88
26/1/10 11:00,118.6,120,120.25,118.15,118.35,1383549,1646.87
26/1/10 12:00,119.5,120,121,119.15,119.5,1787665,2143.66
26/1/10 13:00,121.75,121.7,122.2,119.7,121.7,1438192,1732.8
26/1/10 14:00,120.4,120.5,124.1,119.7,120.5,1396870,1705.09
26/1/10 15:00,120.05,119.9,121.15,119.5,120.1,466672,561.05
26/1/10 16:00,119.95,120,122,118.95,119.8,1085102,1306.62
26/1/10 17:00,120.95,120,121.75,119.55,120.65,641976,776.14
26/1/10 18:00,120.35,121,121.4,119.6,120.5,1068540,1287.08
26/1/10 19:00,120.65,119.55,121,118.45,120.75,688646,825.83
26/1/10 20:00,119.55,118,120.7,118,119.5,1103386,1319.18
26/1/10 21:00,118.95,117.75,119.2,117.25,119,596225,704.54
26/1/10 22:00,117.3,117,118.25,116.3,117.5,622661,731.78
26/1/10 23:00,118.2,119,119.95,118,118.4,526190,625.29
27/1/10 0:00,118.75,118.9,120.4,117.45,118.6,1207381,1437.25
27/1/10 1:00,118.1,116.55,119.5,115.8,118.7,654231,772.29
27/1/10 2:00,116.35,117,117.8,115.3,117,745000,868.5
27/1/10 3:00,116.95,119.8,119.8,116.3,116.65,894057,1054.9
27/1/10 4:00,119.45,121.6,122.55,119.15,119.2,1356187,1638.36
27/1/10 5:00,121.1,119.35,121.8,119,121.7,717595,860.64
27/1/10 6:00,120.05,121,121.05,119,120.1,869948,1042.22
27/1/10 7:00,120.3,122.5,123.5,120,120.4,2142054,2587.18
27/1/10 8:00,122.4,122.5,123.95,121.95,122.4,1949554,2396.79
27/1/10 9:00,121.8,120.6,122.5,120.6,121.55,984070,1199.34
27/1/10 10:00,121.2,120.4,121.9,120,120.9,782130,943.57
27/1/10 11:00,120.25,119,121.85,119,120.3,716365,863.98
27/1/10 12:00,120.1,122.4,122.75,119.55,120.1,892645,1079.74
27/1/10 13:00,121.85,120.2,123.2,119.55,121.8,1572869,1904.59
27/1/10 14:00,120,120.85,121,119.1,120.4,765331,918.68
27/1/10 15:00,120.65,119.05,121.35,118.95,120.5,928735,1116.52
27/1/10 16:00,118.35,119.5,120.1,118.05,118.6,788617,938.67
27/1/10 17:00,119.5,118,120.25,117.85,119.35,1050521,1254.56
27/1/10 18:00,117.7,118.5,119,117,117.6,648096,765.29
27/1/10 19:00,118.7,118.1,120.4,118.1,118.4,1147382,1370.59
27/1/10 20:00,118.85,119.6,120,115,118.35,1327276,1576.32
27/1/10 21:00,118.25,121,121.15,118,118.2,1663091,1986.04
27/1/10 22:00,121.2,122.85,123.45,120.75,120.85,831737,1013.25
27/1/10 23:00,122.55,122,124.2,120.2,122.15,1532533,1873.57
28/1/10 0:00,121.25,122,122.3,120.3,121.2,1627181,1972.21
28/1/10 1:00,121.4,119.9,125,119.5,121.45,1922207,2319.85
28/1/10 2:00,119.3,119.1,120.4,118.4,119,3588313,4282.06
28/1/10 3:00,119.4,120,121,118.5,119.05,1382616,1653.92
28/1/10 4:00,119.45,121.6,122.15,118.65,119.5,1230385,1478.76
28/1/10 5:00,121.4,121.05,123.3,120.45,121.5,1469400,1792.49
28/1/10 6:00,119.9,119.2,120.9,118.75,119.7,839802,1006.63
28/1/10 7:00,118.9,116.5,119.65,115.95,118.6,2062464,2442.85
28/1/10 8:00,115.8,116,116.95,115,116,1396728,1617.02
28/1/10 9:00,115.1,115.7,116.1,114.1,115.25,964165,1109.23
28/1/10 10:00,115.45,116,116.4,115,115.7,1082982,1250.14
28/1/10 11:00,115.65,116.05,117.35,113.9,115.5,1609295,1852.75
28/1/10 12:00,115.85,116.55,117.6,115.05,115.95,1170769,1358.32
28/1/10 13:00,116.45,117.8,118.1,115.4,116.9,1177827,1370.57
28/1/10 14:00,116.85,115.65,117.5,114.55,116.7,1555016,1812.31
28/1/10 15:00,115.65,114.3,116.4,113.1,115.6,1677380,1927.34
28/1/10 16:00,113.25,110,113.9,109.15,113.75,1377634,1536.64
28/1/10 17:00,109.5,110.5,111.25,107.95,109.85,1260507,1382.47
28/1/10 18:00,109.9,110,112.75,109.45,109.6,1220668,1351.06
28/1/10 19:00,108.9,104.2,109.5,104.2,109,1481271,1591.12
28/1/10 20:00,103.55,105,107.1,101.6,103.8,1639500,1719.38
28/1/10 21:00,104.75,107.95,108.5,103.8,104.8,2381968,2512.03
28/1/10 22:00,106.2,107.8,108.05,102.5,107.2,9364686,9939.52
28/1/10 23:00,106.7,106.2,108.3,105,106.8,758132,809.55
29/1/10 0:00,106.65,109,109.5,105.1,106.5,1037357,1111.6
29/1/10 1:00,109.1,107.3,109.85,107,109,1151733,1253.34
29/1/10 2:00,107.3,105,108.2,104.25,107.25,1340622,1431.57
29/1/10 3:00,104.55,105.4,106.5,102.5,105,1429030,1493.94
29/1/10 4:00,104,103,104.6,101.1,104.35,1268061,1304.05
29/1/10 5:00,102.65,107.7,108.9,102.2,102.6,1341261,1412.03
29/1/10 6:00,106,105.1,108.45,105.1,105.9,1091675,1163.62
29/1/10 7:00,104.3,103.25,106.4,100,104.45,2087141,2152.86
29/1/10 8:00,105.25,112.7,115.8,102.4,107,5524328,6005.93
29/1/10 9:00,118.35,120.5,121,116.45,118.65,1654991,1954.04
29/1/10 10:00,120.75,123,124.4,120.1,121.25,1109232,1349
29/1/10 11:00,123.9,123.05,126.1,122.5,123.85,1227619,1528.91
29/1/10 12:00,122.5,121.9,123.95,121.45,123.5,797137,976.55
29/1/10 13:00,121.6,123.1,123.4,120.4,122.5,1120485,1366.68
29/1/10 14:00,121.75,123.05,124.8,121,121.65,877186,1080.52
29/1/10 15:00,124.25,127.4,127.7,123.55,124.1,734748,923.04
29/1/10 16:00,126.6,126.8,128.3,125.2,126.6,592819,752.61
29/1/10 17:00,126.5,124.1,127.45,123.35,126.75,925581,1162.35
29/1/10 18:00,123.15,124.95,125.4,122.6,123.2,1539708,1901.94
29/1/10 19:00,124.45,124.95,125.95,123.3,124.45,655053,815.65
29/1/10 20:00,124.3,125.85,127,123.4,124.15,682689,855.91
29/1/10 21:00,125.55,123.85,126.9,121.95,125.3,1084192,1349.05
29/1/10 22:00,121.75,123.05,124.55,119.5,121.55,1322358,1613.85
29/1/10 23:00,122.55,124.6,124.6,120.5,122.8,1278069,1560.91
30/1/10 0:00,126.4,122.95,127,121.55,126.45,1411260,1766.28
30/1/10 1:00,121.85,128,129,121.05,122,2065711,2571.55
30/1/10 2:00,128.5,135,135.4,127.5,127.65,1756768,2297.61
30/1/10 3:00,134.05,132.1,136.25,131.15,133.9,1431102,1916.53
30/1/10 4:00,135.6,141.75,141.95,130.3,135.4,1907971,2586.28
30/1/10 5:00,139.5,142.4,143.45,138.05,139.9,1353097,1896.92
30/1/10 6:00,141.9,143.2,144,140.95,141.6,1201860,1714.3
30/1/10 7:00,144.45,140.65,146.75,140.1,144.1,1284440,1841.84
30/1/10 8:00,140.05,144.1,144.7,139,139.5,1034747,1461.84
30/1/10 9:00,145.25,147.1,149.8,144.5,145.2,834054,1225.47
30/1/10 10:00,148.35,144,149.5,142.2,148.65,1502760,2195.84
30/1/10 11:00,143.7,145.9,147.2,142.25,143,950484,1367.84
30/1/10 12:00,146.4,146.05,148.8,145.5,146.4,781067,1148.71
30/1/10 13:00,146.2,147,148,144.2,146.5,1464755,2140.74
30/1/10 14:00,146.35,142.5,147.4,141.5,146.25,1746109,2531.27
30/1/10 15:00,141.9,144.4,144.4,141.2,141.9,1260484,1794.94
30/1/10 16:00,144.05,144.9,145.25,143.45,143.85,780709,1125.27
30/1/10 17:00,144.8,143,146.45,142,144.6,1428993,2070.14
30/1/10 18:00,142,142,142.8,141.05,142.15,561726,796.72
30/1/10 19:00,141.2,143.6,144,140.3,141,609093,864.77
30/1/10 20:00,142.9,141.55,144.3,141.3,142.95,1040800,1486.74
30/1/10 21:00,141.9,142.45,144,141,142.2,1147660,1633.27
30/1/10 22:00,142.2,137.6,142.8,136.3,142.35,1707401,2391.93
30/1/10 23:00,136.55,134.4,138.85,134.15,137.2,1191657,1629.29
31/1/10 0:00,133.85,134.85,134.85,132.75,134,589790,789.08
31/1/10 1:00,134.35,131.9,135,131.65,134.2,773849,1035.44
31/1/10 2:00,133.2,135.3,135.8,131.2,133.5,836942,1118.18
31/1/10 3:00,135.3,132.15,135.8,131.9,135,704236,947.59
31/1/10 4:00,132.15,135.15,136.3,130.4,132.2,1152536,1547.19
31/1/10 5:00,135,134.95,138.5,134.5,134.6,1271238,1729
31/1/10 6:00,135.35,134.1,135.8,134.1,135.2,476940,644.25
31/1/10 7:00,133.65,134,135,132.75,133.6,758581,1014.28
31/1/10 8:00,134.9,136.1,136.8,134.2,134.9,689892,932.1
31/1/10 9:00,136.2,136.4,137.8,135,135.95,565383,771.53
31/1/10 10:00,136.25,138.05,139.1,135,135.85,911482,1240.7
31/1/10 11:00,137.55,138,138.1,135.9,137.55,849968,1165.48
31/1/10 12:00,136.95,134.9,138.4,134.9,136.95,1152280,1578.15
31/1/10 13:00,134.95,134.6,136.25,134.15,136,1904180,2570.62
31/1/10 14:00,134.35,133,135.7,132.5,134.65,613392,825.13
31/1/10 15:00,132.95,134.8,135,131.25,133.15,842444,1119.09
31/1/10 16:00,133.8,131.05,136,131.05,134.25,1149754,1547.91
31/1/10 17:00,130.9,129.6,131.4,129.25,131.25,488288,637.58
31/1/10 18:00,128.75,133.65,133.65,128.1,128.2,922793,1205.33
31/1/10 19:00,132.5,129.7,134,128.3,133.95,1152357,1523.05
31/1/10 20:00,128.15,127.8,129.4,126.5,128,580961,744.3
31/1/10 21:00,128,128,129,126.25,127.75,737584,940.98
31/1/10 22:00,127.9,126.7,130,126.7,128.2,100180,128.04
31/1/10 23:00,125.7,127.3,128.45,125.3,125.7,525833,666.03
1/2/10 0:00,128.8,124.9,129.45,123,129.15,1107840,1418.14
1/2/10 1:00,125.85,126.8,128.25,124.75,125.85,858491,1083.85
1/2/10 2:00,128,131.75,132.6,127.5,127.5,892494,1160.19
1/2/10 3:00,131.75,132,133.5,131.4,131.85,557561,739.23
1/2/10 4:00,131.75,133.3,134.15,130.8,131.5,519168,686.8
1/2/10 5:00,132.65,134,135,130.95,132.6,621684,822.29
1/2/10 6:00,133.45,137,137.25,131,134.4,774022,1040.85
1/2/10 7:00,135.9,135.9,138.5,134.8,136.05,2084196,2844.74
1/2/10 8:00,135.6,135.8,136.95,135,135.75,593469,807.08
1/2/10 9:00,135.8,138.7,139.1,135.1,135.55,881996,1204.09
1/2/10 10:00,138.9,138.4,140.2,137.2,138.9,734224,1020.96
1/2/10 11:00,137.8,138.7,140,136.85,138,413539,572.15
1/2/10 12:00,137.55,139.7,139.7,135.6,137.45,589717,812.5
1/2/10 13:00,139.4,134.7,141.9,134.65,139,2469431,3446.98
1/2/10 14:00,134.7,133.6,135.1,133.25,134.45,405056,544.71
1/2/10 15:00,134,135,135.2,132.6,133.65,357403,477.91
1/2/10 16:00,134.7,134.2,135,133.2,134.3,591991,794.31
1/2/10 17:00,134,133,135,132.4,134.2,1428493,1914.35
1/2/10 18:00,132.3,134.55,134.7,131.7,132.05,1028678,1368.62
1/2/10 19:00,134.55,135,136,133.9,134.5,566886,764.14
1/2/10 20:00,134.7,134,135.35,133.35,134.6,1317037,1775
1/2/10 21:00,133.35,134.9,134.9,131.85,133.8,846622,1126.76
1/2/10 22:00,133.05,132.1,133.95,131.6,132.6,994870,1320.85
1/2/10 23:00,130.55,132.5,132.55,129.6,130.8,1009128,1321.99
2/2/10 0:00,131.85,131.45,132.45,130.1,131.85,746173,980.21
2/2/10 1:00,130.05,128.95,131.2,127.4,129.85,1218988,1576.66
2/2/10 2:00,127.8,127.4,129.4,126.65,127.65,915110,1171.44
2/2/10 3:00,126.6,126.5,127.6,123.1,126,1009942,1269.48
2/2/10 4:00,127.1,125,128,123.8,127.1,1253307,1587.58
2/2/10 5:00,124.2,124.8,125.95,123.65,124,1011551,1258.15
2/2/10 6:00,125,123.35,125.35,122.25,124.95,1055109,1308.78
2/2/10 7:00,123.9,126.2,127,122.9,124,1284630,1605.09
2/2/10 8:00,125.5,123.05,126.2,123.05,125.3,623623,782.08
2/2/10 9:00,125.45,124,126,122.9,125.3,1284690,1602.92
2/2/10 10:00,123.1,126.95,126.95,122.15,123,695624,859.2
2/2/10 11:00,125.4,124.05,126.45,124.05,125,939558,1176.89
2/2/10 12:00,124.05,124.1,124.5,121.65,124.1,789201,970.86
2/2/10 13:00,123.25,124.8,125.3,122.7,122.95,784377,972.27
2/2/10 14:00,123.75,122,124.6,120,123.35,1042265,1276.1
2/2/10 15:00,123.65,122.1,124.5,121.55,123.2,1569358,1940.34
2/2/10 16:00,120.95,121.4,122.1,117,120.7,1414288,1692.06
2/2/10 17:00,120.45,121.6,122.45,118.35,119.9,1349442,1626.4
2/2/10 18:00,120.2,124.55,124.55,116.75,120.75,2496844,2994.97
2/2/10 19:00,124.15,120.75,125,119,124.6,4688477,5772.22
2/2/10 20:00,118.85,116.1,119.35,115.5,118.65,1927201,2277.36
2/2/10 21:00,115.2,118.75,118.75,114.05,115.05,2716732,3164.18
2/2/10 22:00,119.6,117.8,120.15,116.85,119.7,2010188,2394.47
2/2/10 23:00,118.15,118.35,120.4,117,117.85,3490011,4145.58
3/2/10 0:00,116.35,119.25,119.45,115.9,116.3,6857158,8010
3/2/10 1:00,117.3,117.95,119.8,115.15,116.7,1404188,1656.95
3/2/10 2:00,117.55,116.1,119.4,108.55,117.75,5056575,5810.86
3/2/10 3:00,114.85,128.9,128.9,112.5,115.5,3763375,4533.74
3/2/10 4:00,130.4,131.5,132.2,127,130,1043785,1359.79
3/2/10 5:00,132.9,133.3,135,131.75,132.5,1354813,1801.53
3/2/10 6:00,133.8,134.5,134.8,131.5,132.75,1504926,2003.37
3/2/10 7:00,134.15,134.2,136.4,132.55,134.35,2189190,2943.2
3/2/10 8:00,131,132.5,132.9,130.7,131.3,798673,1050.35
3/2/10 9:00,132.1,131.2,133.7,129.75,132.2,1714304,2261.48
3/2/10 10:00,130,134.5,134.75,129.4,130.1,1074691,1418.21
3/2/10 11:00,133.05,137.7,137.7,132.1,132.8,1197225,1614.87
3/2/10 12:00,137.7,139.2,140.8,136.2,136.8,1269206,1750.14
3/2/10 13:00,138.95,142,142.65,138.25,138.85,1248444,1752.87
3/2/10 14:00,141.95,142.95,145,141.6,141.75,992867,1417.95
3/2/10 15:00,143.75,142,147.3,141,143.5,3835649,5520.4
3/2/10 16:00,142.15,144.2,144.65,141.8,142.2,1550830,2216.78
3/2/10 17:00,143.3,143.4,144.75,141,143.05,2117898,3027.33
3/2/10 18:00,140.85,141.4,143.85,140.25,140.8,1673236,2374.57
3/2/10 19:00,140.2,136,142.8,135.35,140,2328615,3262.18
3/2/10 20:00,137.15,137.7,137.7,135.5,137.15,1848759,2523.61
3/2/10 21:00,138.65,138.15,138.9,137.25,138.75,1150281,1589.08
3/2/10 22:00,137.45,137.8,138.5,136.15,137.25,1294926,1779.17
3/2/10 23:00,137.55,140.6,140.6,136.75,137.3,1245996,1720.29
4/2/10 0:00,140.8,140.85,142.3,140.1,140.25,1542474,2176.94
4/2/10 1:00,140.85,139.95,142.2,139.4,140.85,2009103,2839.13
4/2/10 2:00,139.5,137,140,134.5,139.5,1310150,1823.96
4/2/10 3:00,137.5,140.1,141.9,136.9,137.25,1965237,2742.65
4/2/10 4:00,141.75,138.2,142.55,138.2,141.45,2394358,3378.35
4/2/10 5:00,139,138.9,140,137.25,138.75,2108950,2921.63
4/2/10 6:00,138,138.95,138.95,136.6,138.05,804974,1109.54
4/2/10 7:00,138.15,137.5,139.5,136.6,138.5,1530200,2113.74
4/2/10 8:00,137.05,137,138.2,135.75,137.1,1974367,2707.3
4/2/10 9:00,136.8,134.9,137.8,134.25,136.8,1720786,2348.59
4/2/10 10:00,134.55,134.8,135.6,133.8,134.7,1590741,2140.22
4/2/10 11:00,133.95,134.9,135.7,133.2,134.45,1049069,1413.1
4/2/10 12:00,134.9,136.1,138,134.2,134.65,1608817,2183.57
4/2/10 13:00,138.2,135.6,141.65,135.1,138.05,3133999,4355.13
4/2/10 14:00,135,133.1,135.6,132.2,134.9,1260314,1687.12
4/2/10 15:00,136.1,137.5,138.6,135.25,135.8,1032972,1412.33
4/2/10 16:00,137.1,135.45,138.05,135.1,136.9,1826569,2501
4/2/10 17:00,135.55,132.5,136.1,131.3,134.95,2667661,3586.44
4/2/10 18:00,132.2,129.75,132.75,129.15,132,4332991,5696.62
4/2/10 19:00,129.55,132,132,128.2,129.6,1397938,1809.6
4/2/10 20:00,133.85,133.2,135,132.3,133.55,928889,1240.8
4/2/10 21:00,135.7,132.9,136.4,132.6,136,2736280,3687.65
4/2/10 22:00,133.2,133.35,135.25,132.5,133,1696146,2271.11
4/2/10 23:00,133.85,135.6,135.9,133,134,2115793,2837.31
5/2/10 0:00,135,133.75,136.45,133.7,134.9,1019044,1377.75
5/2/10 1:00,133.75,133.2,136.2,132.65,134.05,1278156,1720.83
5/2/10 2:00,132.6,132.95,133.9,132.3,133.2,970883,1292.67
5/2/10 3:00,132.35,129.3,134.15,128.85,132.15,2239733,2962.18
5/2/10 4:00,128.7,128.95,129.5,126.8,129.15,1341209,1716.65
5/2/10 5:00,129.1,127.85,130.9,127.1,128.5,1933262,2490.3
5/2/10 6:00,128.15,133.6,134.45,125.7,127.9,2641286,3422.1
5/2/10 7:00,134.4,137,137.75,133.6,133.9,1586596,2149.62
5/2/10 8:00,136.6,137.6,138.7,136,136.4,799419,1095.41
5/2/10 9:00,137.55,135,138.9,134,137.2,877704,1200.24
5/2/10 10:00,134.85,138.8,138.8,134,134.9,1937914,2617.89
5/2/10 11:00,138.5,137.9,139.7,136.85,138.2,756591,1047.42
5/2/10 12:00,137.75,137.65,138.6,136,138.05,2132044,2926.25
5/2/10 13:00,137.35,140.6,141.2,136.5,137,2271136,3142.58
5/2/10 14:00,140.8,145,145.75,140,140.05,2077218,2965.56
5/2/10 15:00,145.15,145.3,146.4,144.8,145.05,569531,827.64
5/2/10 16:00,146.25,143.05,146.65,143.05,146.1,1343454,1949.39
5/2/10 17:00,144.9,149.4,150.3,143,144.6,5132085,7496.33
5/2/10 18:00,148.7,147.4,150,147.4,148.95,909189,1353.39
5/2/10 19:00,148.8,146.8,149.7,146.8,148.5,1118631,1662.47
5/2/10 20:00,147.45,147.5,149.45,146.75,146.75,872187,1292.69
5/2/10 21:00,147.95,147,149.15,146.55,147.8,1010894,1497.68
5/2/10 22:00,146.65,146.15,147.5,145.05,146.85,702795,1028.35
5/2/10 23:00,145.95,147.45,148.75,144.55,146.05,1648427,2418.83
6/2/10 0:00,147.55,147.8,149.25,146.8,147.45,1138811,1688.58
6/2/10 1:00,147.95,147.75,150.45,147.65,147.95,1497623,2226.75
6/2/10 2:00,147.4,146.85,148.5,145.45,146.1,2232739,3278.78
6/2/10 3:00,146.3,145.05,146.9,143.65,146.45,1373721,2005.47
6/2/10 4:00,144.55,143.15,145.9,143.05,144.25,2227212,3217.77
6/2/10 5:00,142.85,143.3,145.5,139.4,142.65,3019872,4303.91
6/2/10 6:00,143.35,141.4,143.9,140.55,143.1,2341680,3334.45
6/2/10 7:00,141.05,139,141.85,138.3,140.95,1572681,2211.64
6/2/10 8:00,137.75,139,140.45,136.6,137.65,2366296,3275.22
6/2/10 9:00,139.8,144.25,144.95,138.75,139.9,2281538,3207.9
6/2/10 10:00,144.55,143.85,145.9,143.5,144.6,1785800,2584.34
6/2/10 11:00,143.55,143.4,144.9,142.55,143.45,1103984,1584.73
6/2/10 12:00,142.1,142.25,143.15,140.4,142.8,2456804,3487.14
6/2/10 13:00,142.55,142.25,143.35,141.5,142.4,1836583,2617.78
6/2/10 14:00,141.95,141.6,144.15,141,141.9,3701269,5266.83
6/2/10 15:00,142.15,147.65,148.15,141.4,141.8,3007045,4300.52
6/2/10 16:00,147.25,150.65,150.65,146.2,146.7,1179218,1748.12
6/2/10 17:00,150.2,151,152.5,149.9,150,2312755,3494.39
6/2/10 18:00,149.65,150.9,151.75,145.85,148.85,2719219,4056.15
6/2/10 19:00,150.2,152.9,154.65,149.65,150.2,3096387,4690.1
6/2/10 20:00,153.25,157.3,157.75,151.2,152.9,1753170,2696.67
6/2/10 21:00,157.55,159.25,161.2,157,157.25,1223180,1947.21
6/2/10 22:00,159.3,158.9,160.25,156.05,159.35,1373494,2177.09
6/2/10 23:00,158.95,161.45,163.5,157.85,158.65,4215595,6782.77
7/2/10 0:00,161.5,161.65,162.75,158.6,160.55,3122578,5017.83
7/2/10 1:00,161.2,152.7,162.5,152.05,160.9,6349564,10128.78
7/2/10 2:00,152.05,152.35,153,151,151.95,852909,1296.8
7/2/10 3:00,151.6,151.8,153.7,150.8,151.9,1142129,1737.96
7/2/10 4:00,151.1,152.4,152.4,149.9,151.25,1810409,2737.89
7/2/10 5:00,151.45,151.95,152.1,149.8,152.1,843471,1273.34
7/2/10 6:00,151.1,148.8,151.95,148.8,151,575050,867.44
7/2/10 7:00,148.8,150.25,151.2,148.3,148.85,1383972,2073.89
7/2/10 8:00,149.75,147.1,150.25,146.55,150.25,818899,1214.3
7/2/10 9:00,145.75,148.45,149.2,142.7,145.75,2099157,3052.8
7/2/10 10:00,147.3,148.05,149.55,146.5,147.25,2029247,3012.11
7/2/10 11:00,149,148,149.4,147.75,149,1566031,2326.57
7/2/10 12:00,147.95,147.35,148.95,146.2,148.5,1328198,1961.73
7/2/10 13:00,147.2,149.8,150.55,146.9,147,1229406,1821.99
7/2/10 14:00,149.95,153.75,153.75,149,149.75,1834524,2762.52
7/2/10 15:00,153.85,156.65,157.35,152.7,153.1,1776564,2744.14
7/2/10 16:00,155.85,156.9,158.25,155.4,155.8,1268390,1989.44
7/2/10 17:00,156.7,155.25,157.3,155.25,156.5,1416285,2211.87
7/2/10 18:00,154.75,154.95,155.65,152.85,155,1343251,2069.88
7/2/10 19:00,154.85,160.95,161.1,153.55,155.25,2248388,3513.26
7/2/10 20:00,160,158.5,161.4,157.85,160.2,2130596,3406.94
7/2/10 21:00,157.85,157.35,159.5,156.7,157.5,1773712,2802.86
7/2/10 22:00,157.25,159.65,161,155.8,157.75,1354766,2151.99
7/2/10 23:00,159.05,159.05,162.85,157.25,158.8,2281047,3668.1
8/2/10 0:00,159.3,157.9,161.4,156.1,159.35,1419036,2253.68
8/2/10 1:00,158.35,164,164.35,157,157.2,2204041,3543.11
8/2/10 2:00,163.55,158.5,164.9,157.15,163.2,4314580,6991.32
8/2/10 3:00,158.35,155.5,158.9,155,158.5,1211587,1902.4
8/2/10 4:00,154.9,156.75,157,152.8,155.3,816168,1263.62
8/2/10 5:00,156.05,153.4,156.55,153.15,156.45,1540677,2393.9
8/2/10 6:00,152.55,153.9,154.5,151.9,153.5,2960597,4531.01
8/2/10 7:00,153.5,155.55,156.25,153.1,153.9,1546220,2388.09
8/2/10 8:00,155.55,156,157.3,153.6,154.9,1404899,2178.49
8/2/10 9:00,155.95,160.95,161.5,155.3,155.5,1614558,2559.44
8/2/10 10:00,159.7,157.75,162.25,156.6,159.8,2886605,4624.45
8/2/10 11:00,157,157.4,158.5,154.45,157.25,1377032,2161.16
8/2/10 12:00,156.85,155.5,158,155.05,156.6,1122120,1762.78
8/2/10 13:00,155.15,157.85,157.95,154.75,155.3,696970,1087.98
8/2/10 14:00,157.4,155.65,158.95,154.85,157.3,1565871,2463.48
8/2/10 15:00,155.2,154.95,156.8,153.2,155.5,1727098,2675.02
8/2/10 16:00,154.35,151.2,154.7,151.2,154.65,1131718,1735.14
8/2/10 17:00,151.55,148.9,153.15,148,151.8,1719968,2596.83
8/2/10 18:00,149.55,151.5,152.9,148.7,149.35,1470539,2209.3
8/2/10 19:00,152.4,154.4,154.7,151.55,153,1392578,2126.97
8/2/10 20:00,154.75,159.25,159.8,153.5,154.2,2403931,3759.09
8/2/10 21:00,158.55,160.7,163.1,157.65,158.4,1567779,2516.83
8/2/10 22:00,160.45,164,164.5,159.2,160,1927234,3110.99
8/2/10 23:00,163.6,157.9,167.75,157.75,163.45,5423705,8901.67
9/2/10 0:00,158.7,158.95,162.4,154.05,159.75,4094370,6490.15
9/2/10 1:00,158.25,158.95,160.75,157.3,157.9,2823390,4476.22
9/2/10 2:00,158.75,158.8,159.9,157.65,158.45,1819031,2885.37
9/2/10 3:00,159.4,161,162,158.6,159.3,1634586,2614.45
9/2/10 4:00,161.15,159.15,162.15,156.9,160.5,2437301,3892.41
9/2/10 5:00,158.85,157.1,160.6,157.1,159.05,2326838,3695.01
9/2/10 6:00,158,157.4,159.4,156.65,158,2696995,4264.27
9/2/10 7:00,156.35,156.8,157.45,155.6,156.8,1211357,1895.53
9/2/10 8:00,156.55,154.3,157.8,154.3,156.4,1000172,1563.52
9/2/10 9:00,154.3,155,155.75,153.75,154.75,1299810,2007.98
9/2/10 10:00,155.65,156.6,157.6,154.05,155.15,1183917,1848.1
9/2/10 11:00,154.85,155.05,157,153.8,154.85,1383172,2140.11
9/2/10 12:00,155.25,157.55,157.9,154.2,155.4,1558189,2417.14
9/2/10 13:00,157.35,156.35,158.7,155.2,156.85,1647105,2590.49
9/2/10 14:00,155.6,154.5,157.7,153.3,155.1,4013444,6224.83
9/2/10 15:00,153.7,149.9,154.5,149.5,154,2292977,3501.39
9/2/10 16:00,148.45,147.2,149.2,146,148.55,2770541,4090.99
9/2/10 17:00,148.15,151.95,151.95,147,148.55,2390258,3565.59
9/2/10 18:00,152.95,151.65,154.5,151.65,153.15,1873161,2866.56
9/2/10 19:00,152.5,150.9,153.2,150.55,153,2043127,3114.04
9/2/10 20:00,150.7,150.95,151.75,150.35,150.5,535692,809.15
9/2/10 21:00,150.95,148.8,151.85,148.65,150.8,1347935,2033.66
9/2/10 22:00,149.05,148.8,149.6,148.1,149,747441,1113.03
9/2/10 23:00,148.65,147.15,149.9,147.15,148.6,913003,1355.87
10/2/10 0:00,146.85,147.15,148,145.6,146.6,999836,1464.89
10/2/10 1:00,146.9,148.95,149.9,146.1,146.95,6940283,10234.09
10/2/10 2:00,148.3,147.8,149.05,146.75,148.7,1396448,2066.45
10/2/10 3:00,147.5,147.55,148.25,145.6,147.7,1657451,2437.44
10/2/10 4:00,147.4,148.5,149.7,146.55,147.35,1456641,2155.17
10/2/10 5:00,147.5,146.45,149,146.35,147.6,1538715,2274.32
10/2/10 6:00,145,144.3,145.85,137.05,145.25,4975475,7111.7
10/2/10 7:00,144.25,150.7,152.2,143.3,144.55,2871674,4237.13
10/2/10 8:00,151.6,152.1,154.2,151.4,151.5,1510454,2301.64
10/2/10 9:00,152.95,155.2,157,152.5,152.8,1376256,2134.25
10/2/10 10:00,155.65,156,157.2,154.4,155.35,1006074,1568.11
10/2/10 11:00,156,154,157.4,154,156.05,1102295,1720.32
10/2/10 12:00,154.85,158.75,158.85,154.1,154.7,1339740,2092.18
10/2/10 13:00,158.3,160.95,161.45,157.7,158.15,1580445,2519.47
10/2/10 14:00,161.1,163.5,164.8,160.65,160.65,1451138,2363.59
10/2/10 15:00,163.4,163.7,164.2,161.4,163.15,1691661,2754.59
10/2/10 16:00,163.25,164.9,165.9,162.75,162.95,2826458,4640.58
10/2/10 17:00,163.35,159.7,164.25,157.2,164,3473392,5601.51
10/2/10 18:00,159.55,161.85,162.9,159.25,159.6,1893457,3041.02
10/2/10 19:00,161.3,162.25,163.9,159.65,161.2,3713876,6004.17
10/2/10 20:00,161,159.5,162.4,155.7,161.7,7062154,11306.09
10/2/10 21:00,155.3,154.05,155.8,153.25,154.9,1634296,2529.82
10/2/10 22:00,154.2,157.2,157.55,152.5,154.2,1704935,2627.56
10/2/10 23:00,156.95,157,158.3,155.75,156.6,1832296,2872.28
11/2/10 0:00,156.75,157.2,158.9,156.1,156.75,1541039,2423.46
11/2/10 1:00,156.95,157.1,158.1,154.6,156.95,1670273,2614.65
11/2/10 2:00,157.85,160.2,163.35,157.25,157.55,3713745,5966.47
11/2/10 3:00,159.4,160.5,161.35,158.6,159.45,1709932,2730.7
11/2/10 4:00,159.9,154.35,161.9,154.35,159.95,4643861,7408.49
11/2/10 5:00,155.25,154.95,156.15,153.65,155.25,2634731,4078.76
11/2/10 6:00,154.2,156.7,156.95,154,154.25,2038270,3157.95
11/2/10 7:00,155.85,158.85,158.85,155.3,155.5,1887415,2959.17
11/2/10 8:00,158.25,158.7,159.65,157.4,158,1662143,2634.39
11/2/10 9:00,157.75,161.05,162.6,157.25,157.65,1570697,2497.12
11/2/10 10:00,160.9,157.9,161.5,157,160.75,2600609,4160.75
11/2/10 11:00,161.65,164.8,165,160.45,161.35,2428509,3948.85
11/2/10 12:00,163.75,161,164.2,160.1,163.3,2713036,4416.86
11/2/10 13:00,160.1,158.9,161.2,158.05,160.15,4750346,7604.24
11/2/10 14:00,157.45,157.15,158.95,156.9,157.25,4589900,7236.35
11/2/10 15:00,157.3,157,158.25,156.6,157.4,1079352,1700.6
11/2/10 16:00,156.35,156.75,157.55,156.05,156.35,1153614,1806.42
11/2/10 17:00,156.3,159.25,159.25,155.95,156.45,1019575,1603.41
11/2/10 18:00,158.35,157.6,159,157.1,158.15,526665,833.42
11/2/10 19:00,156.5,156.8,157.5,155.5,156.3,2010555,3147.75
11/2/10 20:00,155.55,154.1,156.35,153.4,155.75,2584790,4011.2
11/2/10 21:00,154.7,154.55,155.65,153.35,155,2073712,3207.19
11/2/10 22:00,153.35,152.75,153.9,150.8,153.25,3946921,6023.07
11/2/10 23:00,152.35,156.05,158.25,151.05,152.35,2254205,3500.78
12/2/10 0:00,156.4,158.4,159.3,156,156,1967222,3097.04
12/2/10 1:00,157.5,159.6,160,157.05,157.4,2022489,3195.34
12/2/10 2:00,160.25,160.65,163.9,158.7,159.85,3624666,5845.16
12/2/10 3:00,161.25,160.45,163.35,160.45,161.15,3216539,5202.87
12/2/10 4:00,160.25,158,161,157.75,160.1,1524087,2437.49
12/2/10 5:00,158.8,158.25,161.65,158,159.3,2284463,3656.4
12/2/10 6:00,158.85,160,162,158.4,158.7,1198264,1915.37
12/2/10 7:00,159.35,159.1,162.4,157.6,159.4,1917772,3068.51
12/2/10 8:00,159,160,161.9,158.3,159,2096263,3353.22
12/2/10 9:00,159.65,159,161.95,154.45,160.1,2924724,4637.96
12/2/10 10:00,160.3,165.4,165.65,159.1,161.2,2973253,4790.09
12/2/10 11:00,164.75,165.2,166.75,161.8,165,2219635,3644.9
12/2/10 12:00,164.45,170.2,171.8,163.65,164.9,3086572,5186.1
12/2/10 13:00,170.6,168,172,167.05,169.5,4342518,7371.9
12/2/10 14:00,168.6,165.7,172.9,164.1,168.95,6277667,10619.19
12/2/10 15:00,164.85,160.05,165.7,160.05,164.65,2243468,3674.2
12/2/10 16:00,161.6,160.7,162.7,156.9,161.1,2748845,4396.31
12/2/10 17:00,159.45,167.05,167.6,158,159.8,3786842,6123.67
12/2/10 18:00,167.2,169,170.85,166.35,166.7,2733612,4600.91
12/2/10 19:00,169.55,168,171.35,166.4,168.9,4325265,7303.7
12/2/10 20:00,167.4,162.85,169.85,161,167.5,6185414,10330.87
12/2/10 21:00,162.55,163.5,165,160.5,162.35,1964477,3201.93
12/2/10 22:00,165.2,165.1,166.25,162.6,164.7,2016606,3317.68
12/2/10 23:00,164.6,163.05,166.5,162.5,164.35,3403585,5606.74
13/2/10 0:00,162.25,163.8,164.5,160.05,161.9,4436559,7205.7
13/2/10 1:00,162.2,154,163.9,154,163.6,5685443,9057.72
13/2/10 2:00,154.25,156.8,156.8,153.55,154.2,1808768,2799.1
13/2/10 3:00,155.4,153,156.85,153,155.3,1903051,2958.67
13/2/10 4:00,153.9,151.1,154.35,151.1,153.75,1611331,2468.07
13/2/10 5:00,150.5,153.4,154,150,150.95,3046168,4605.77
13/2/10 6:00,153.1,153.35,154.85,152.5,153.05,1030109,1584.33
13/2/10 7:00,152.95,154.4,155.5,151.35,153,954442,1463.14
13/2/10 8:00,155.45,155.5,157.8,155,155.5,1498748,2339.38
13/2/10 9:00,155.45,158.5,158.5,155,156,1273200,1989.69
13/2/10 10:00,157.1,158.5,160.4,156.2,157.45,1803100,2856.86
13/2/10 11:00,158.5,156.55,159.5,156.25,158,3127760,4947.97
13/2/10 12:00,156.5,155.35,157.7,154.9,156.1,1835749,2870.42
13/2/10 13:00,154.4,152.2,155.35,151.55,154.2,1212265,1865.07
13/2/10 14:00,152.1,152.65,152.9,150.75,152.2,1220808,1853.86
13/2/10 15:00,151.15,153.1,154.3,150.3,150.75,1521138,2307.57
13/2/10 16:00,154.45,151.5,154.8,151.5,154.65,1282122,1971.83
13/2/10 17:00,151.9,150.7,153,150.7,151.9,1212104,1839.77
13/2/10 18:00,150.65,152.7,152.9,149.55,150.2,2393314,3610.85
13/2/10 19:00,154.15,153.6,155.1,152.65,154.05,1557133,2398.36
13/2/10 20:00,153.8,153.65,156.5,153.5,153.65,1890055,2934.91
13/2/10 21:00,154.9,154.1,155.6,152.5,154.9,1788911,2762.97
13/2/10 22:00,155.5,155.05,155.9,153.75,155.9,1677773,2598.58
13/2/10 23:00,154.3,152,156.85,151.75,154.7,2361557,3662.11
14/2/10 0:00,153.5,152.8,155.15,152.5,153.75,4155508,6392.01
14/2/10 1:00,152.9,155.95,155.95,152.45,152.8,2757448,4221.98
14/2/10 2:00,155.2,152.5,156.2,152.05,154.6,2789011,4288.36
14/2/10 3:00,153.5,156.2,157.4,152.55,152.9,3156927,4866.55
14/2/10 4:00,156.55,156.7,157.9,155.95,156.9,2894662,4543.21
14/2/10 5:00,156.8,159.5,159.7,155.7,156.95,3001729,4724.96
14/2/10 6:00,158.7,159.5,161.4,156.7,158.55,2700600,4300.12
14/2/10 7:00,159.2,161.5,162.45,158.75,159.05,1938059,3108.11
14/2/10 8:00,160.65,159.85,163,157.7,160.5,4974108,7996.8
14/2/10 9:00,160.35,157.25,161,156.25,160.2,2116223,3358.75
14/2/10 10:00,157.2,153.75,157.7,153.2,157.5,2539258,3960.97
14/2/10 11:00,153.75,152.35,154,151.5,153.9,1859780,2848.19
14/2/10 12:00,151.8,148.85,153.2,148.5,152.3,2443696,3695.88
14/2/10 13:00,149.8,154.8,156.3,149.15,149.5,3188567,4841.91
14/2/10 14:00,155.45,155.45,161.35,149.25,154.8,3284116,5096.64
14/2/10 15:00,154.95,158,159.6,152.75,155.2,3488714,5442.65
14/2/10 16:00,158.7,167.65,167.65,157.75,158.05,3349829,5446.75
14/2/10 17:00,167.05,168.1,169.6,166.65,167,2054919,3444.07
14/2/10 18:00,167.85,168.1,171.2,166,168.1,4246788,7163.27
14/2/10 19:00,169.2,175,175,168.35,169.25,5474004,9344.38
14/2/10 20:00,174.35,176.25,176.8,173.1,173.95,3796609,6649.77
14/2/10 21:00,174.8,173.35,176.6,171.5,175.2,5379012,9371.11
14/2/10 22:00,172.75,172.45,175,172.05,172.5,5884830,10218.17
14/2/10 23:00,171.1,168,172.95,168,170.8,5470675,9358.11
15/2/10 0:00,167.8,169,169.65,165.6,167.5,5084653,8519.47
15/2/10 1:00,169.5,166.3,170.75,166.3,168.95,4512185,7627.68
15/2/10 2:00,167.3,167.45,169.5,165.5,167,4394262,7365.66
15/2/10 3:00,167.95,166,171.2,164.8,167.65,8915917,15024.93
15/2/10 4:00,162.35,162.6,165.4,161.85,162.25,2474896,4041.91
15/2/10 5:00,162.9,164.6,165.35,161.3,162.3,2957708,4823.27
15/2/10 6:00,163.55,167,169,162.1,163,3059834,5065.77
15/2/10 7:00,167.05,166,167.95,163.7,167,2644231,4387.12
15/2/10 8:00,166,162.3,166.7,161.6,166.6,4149164,6818.61
15/2/10 9:00,163.7,170,173.95,161.15,163.3,6509643,10888.76
15/2/10 10:00,168.65,168.4,171.5,165.65,168.9,4131952,6987.01
15/2/10 11:00,169.35,175.8,176.1,165.05,168,7414725,12678.57
15/2/10 12:00,174.85,171.65,177.15,166.1,174.25,11693055,20262.26
15/2/10 13:00,171.2,173.85,175.45,170.1,171.3,8772925,15130.67
15/2/10 14:00,171.1,157,176.8,155.2,170.75,17064363,28176.94
15/2/10 15:00,154.05,154.3,154.8,151.15,154.4,2556595,3917.45
15/2/10 16:00,153,150,154,150,152.95,4764627,7258.03
15/2/10 17:00,150.3,148,151.85,147.75,150.2,3014557,4531.68
15/2/10 18:00,147.5,149.4,149.9,146.6,147.5,3308467,4880.48
15/2/10 19:00,149.1,150,151,145.35,148.95,4293795,6351.86
15/2/10 20:00,148.9,154.5,154.5,148,148.65,5050078,7548.4
15/2/10 21:00,156.25,157,158.2,154.75,156.55,1655825,2593.44
15/2/10 22:00,156.4,157.3,157.8,153,156,1748577,2720.85
15/2/10 23:00,156.45,158.5,163,152.75,156.45,5629757,9004.67
16/2/10 0:00,157.55,156,158.45,155.1,157.4,3014828,4730.58
16/2/10 1:00,155.55,154.5,157.4,153.4,155.75,3246095,5062.35
16/2/10 2:00,153.1,155.6,155.6,151.55,153,2539045,3905.09
16/2/10 3:00,153.45,152.95,154.85,151.05,153.35,3351574,5141.38
16/2/10 4:00,150.7,146,151.6,145.25,150.6,4970218,7374.52
16/2/10 5:00,144.75,146.35,147.5,143.25,144.95,3658879,5314.8
16/2/10 6:00,144.2,148,148.05,143.85,144,2208007,3207.68
16/2/10 7:00,147.3,147,148.5,145.4,147.15,1851834,2725.39
16/2/10 8:00,146.4,145.5,149.7,145.5,146.7,2352331,3463.9
16/2/10 9:00,144.55,145.8,146.7,144.15,144.65,1789879,2598.42
16/2/10 10:00,145,142.1,145.95,142.1,145,1219063,1762.88
16/2/10 11:00,142.45,145.05,145.55,142.1,142.25,1475651,2114.43
16/2/10 12:00,144.6,145.05,146.4,144.15,144.7,979792,1424.64
16/2/10 13:00,145.1,147.05,148.3,144.9,145.25,1231593,1800.54
16/2/10 14:00,146.7,148.6,148.6,146.4,146.7,1058888,1560.97
16/2/10 15:00,148.35,149.45,150.9,147.8,148.35,1207233,1796.36
16/2/10 16:00,149.45,152.45,153.5,146.5,149.9,2460179,3708.75
16/2/10 17:00,151.3,153,154.1,151,151.2,1294813,1973.43
16/2/10 18:00,152.85,153,154.55,151.75,153.05,1452937,2217.95
16/2/10 19:00,152.95,156.5,157,151.85,153,1867200,2878.25
16/2/10 20:00,156.1,157.85,159.4,155.05,156,3277200,5157.88
16/2/10 21:00,157.85,156.95,159.3,156.15,158.1,2243023,3541.28
16/2/10 22:00,156.15,158.25,160,155.55,156.5,2939902,4642.58
16/2/10 23:00,157.45,151,158.2,151,157.5,4644106,7195.4
17/2/10 0:00,150.5,153.25,153.95,150,150.75,1148162,1740.82
17/2/10 1:00,153.05,153.85,154.9,151.1,152.8,1464343,2245.4
17/2/10 2:00,152.75,152.2,154,151.75,152.25,1788771,2734.32
17/2/10 3:00,153.1,155.1,155.3,152.1,152.75,2017657,3102.94
17/2/10 4:00,154.4,152.75,155.95,152.5,154.2,3183552,4917.5
17/2/10 5:00,151.45,149.3,152.5,148.25,151.25,1476512,2224.22
17/2/10 6:00,152.2,152,153.8,150.15,152.95,1970278,2998
17/2/10 7:00,151.55,154,154.3,149.4,151.5,2346430,3557.03
17/2/10 8:00,153.5,155,155.65,152.1,153.35,2596842,3983.2
17/2/10 9:00,154.25,151.45,154.75,148.8,154.7,4863298,7412.34
17/2/10 10:00,150.05,150,152.7,148.1,150.05,4143774,6228.57
17/2/10 11:00,148,142.85,148.6,142.3,148.2,3912192,5700.15
17/2/10 12:00,141.8,143,143.75,141.3,141.9,3147980,4474.49
17/2/10 13:00,142.75,144,144.8,142.25,142.5,1763657,2526.9
17/2/10 14:00,142.9,142.55,144,142.4,143,1214418,1736.63
17/2/10 15:00,142.85,143.15,144.85,142.5,142.8,1239544,1776.32
17/2/10 16:00,143.65,144.15,144.15,143.2,143.7,125170,179.78
17/2/10 17:00,143.4,143,146,142.45,143.7,2771806,3999.94
17/2/10 18:00,141.4,140.7,143.2,140.7,141.1,1578311,2243.74
17/2/10 19:00,141.3,143.2,143.8,141.1,141.5,1982788,2815.35
17/2/10 20:00,143.15,142.7,144.8,142.55,143.4,926631,1329.52
17/2/10 21:00,142.7,142,143.4,141,142.4,1237254,1760.76
17/2/10 22:00,142.55,146,146.9,141.9,142.45,1240884,1793.26
17/2/10 23:00,145.65,146.05,147.5,145.15,145.6,2109508,3090.43
18/2/10 0:00,145.15,143.8,146,143,146,2110986,3045.88
18/2/10 1:00,143.8,143.9,145.1,142.25,143.4,2127241,3064.66
18/2/10 2:00,143.3,143.5,144.35,141.3,143,2910251,4163.87
18/2/10 3:00,142.55,141.5,143,140.15,142.95,3010530,4256.23
18/2/10 4:00,140.9,141.45,142.25,139.45,140.85,2317544,3259.93
18/2/10 5:00,140.4,136.8,141.15,135.9,141.05,2995506,4182.18
18/2/10 6:00,135.95,139.95,141,135.25,135.75,2979960,4105.11
18/2/10 7:00,139.7,140.15,142.15,139.15,139.85,1852558,2600.32
18/2/10 8:00,139.8,141.7,141.9,139.1,140.4,1868445,2619.52
18/2/10 9:00,141.2,143.2,143.55,141,141.1,1034913,1469.54
18/2/10 10:00,142.7,142.75,143,141.8,142.9,613301,873.85
18/2/10 11:00,142,141.25,143,141.2,142,1204144,1711.81
18/2/10 12:00,141.1,139.35,141.95,139.15,141.25,784045,1105.59
18/2/10 13:00,140.35,140.35,141.75,139.6,140.25,882447,1241.11
18/2/10 14:00,140.2,139.1,140.95,138.35,140.25,1294179,1811.73
18/2/10 15:00,138.9,140.55,141.35,137.7,138.9,1078151,1500
18/2/10 16:00,140.55,141.55,142.4,139.1,140.9,1060283,1490.75
18/2/10 17:00,141.75,144,144.85,141.15,141.5,1390278,1979.3
18/2/10 18:00,144.05,145.3,145.9,143.5,144.05,1486914,2145.07
18/2/10 19:00,144.85,144.2,145.85,143.05,144.65,1465761,2119.11
18/2/10 20:00,143.6,144.35,144.5,142.7,143.5,1411856,2030.88
18/2/10 21:00,143.35,142.45,144.5,141.8,143.7,2053488,2944.82
18/2/10 22:00,141.15,144.3,144.3,140.15,141.35,2905219,4119.2
18/2/10 23:00,143.05,143.15,144.85,142.55,143.1,1418289,2041.25
19/2/10 0:00,143.15,141.2,143.7,138.5,143.4,2866989,4052.98
19/2/10 1:00,140.7,140.85,142.95,140,140.5,2140205,3023.42
19/2/10 2:00,141,141.35,143,139.65,140.5,2555790,3603.27
19/2/10 3:00,140.45,141.8,144.75,139.7,141.1,4943283,7005.22
19/2/10 4:00,142.15,140,144.4,139.6,141.8,2441955,3477.95
19/2/10 5:00,138.95,140.9,143,138.4,139,2281455,3211.22
19/2/10 6:00,141.35,143,144.9,140.3,141.25,1798083,2557.45
19/2/10 7:00,144.25,147.25,147.85,143.65,144.5,2015494,2929.81
19/2/10 8:00,148.2,149.05,150.35,147.5,148.1,1191923,1769.79
19/2/10 9:00,149.85,148.35,152.2,148.1,149.6,4586839,6885.96
19/2/10 10:00,147.85,148.5,150.1,147.55,147.8,1992324,2959.65
19/2/10 11:00,148.3,146.25,149.3,146.25,148.35,2549468,3774.17
19/2/10 12:00,146.2,149.5,150.25,145.8,146.5,1884689,2784.42
19/2/10 13:00,149.05,152.25,152.9,148.5,149,2142240,3209.54
19/2/10 14:00,152.05,152.85,152.85,150.4,152,1117786,1695.44
19/2/10 15:00,152.05,153.05,154.5,150.3,151.9,2175698,3309.89
19/2/10 16:00,152.9,156.1,156.8,151.9,153.55,2340369,3600.63
19/2/10 17:00,155.95,158.05,159.95,154.75,155.55,2520546,3988.81
19/2/10 18:00,157.25,157.4,158.5,156.15,157.1,1740722,2738.72
19/2/10 19:00,157.1,157.1,159.3,156,157.2,2122772,3343.22
19/2/10 20:00,156.5,157,158.2,155.2,156.5,1244854,1950.31
19/2/10 21:00,156.8,156.95,158.6,155.1,157.15,1538685,2411.31
19/2/10 22:00,156.35,154.45,157,153.65,156.75,1816178,2819.87
19/2/10 23:00,154.95,160.5,161.75,153.75,154.6,2116255,3351.03
20/2/10 0:00,160.5,160.85,162.65,159.9,160.35,1958707,3160.15
20/2/10 1:00,160.45,159.5,161.5,158.15,160,2258565,3620.28
20/2/10 2:00,159.8,158.55,160.9,155.25,159.45,3188036,5054.86
20/2/10 3:00,158.05,160.8,162.85,156.35,158.3,3624182,5797.01
20/2/10 4:00,161.05,159,166.1,158,162.1,10232143,16618.38
20/2/10 5:00,157.25,155.4,157.65,153.65,156.9,2997231,4683.08
20/2/10 6:00,154.7,154.5,156.5,153.35,154.1,3101414,4817.62
20/2/10 7:00,153.1,147.2,153.85,146.6,152.85,5456617,8298.94
20/2/10 8:00,147.5,148.55,149.4,145.9,147.3,1833784,2704.13
20/2/10 9:00,148.2,145.3,148.75,145.25,147.85,1672571,2462.36
20/2/10 10:00,144.75,144.1,147.1,144.1,144.5,1678569,2443.6
20/2/10 11:00,143.45,145.25,145.5,142.2,143.45,1279705,1834.35
20/2/10 12:00,145.15,146,147.5,145,145.3,1102791,1608.29
20/2/10 13:00,146.75,146.8,148.45,146.2,146.55,1185509,1745.97
20/2/10 14:00,147,147.95,147.95,146.25,147.2,1285575,1889.48
20/2/10 15:00,147.45,146.75,149,146.7,147.6,1821331,2689.55
20/2/10 16:00,146.7,149.1,149.1,145.3,146.65,2508890,3674.98
20/2/10 17:00,146.2,146.8,147.75,145.8,146.15,1385102,2029.35
20/2/10 18:00,146.65,147.6,148.7,146.05,146.6,1565641,2304.46
20/2/10 19:00,145.55,146.5,148.4,145.1,145.9,1547460,2267.72
20/2/10 20:00,146.8,149,149.3,146.25,146.7,2227417,3286.14
20/2/10 21:00,149.3,149.2,150.9,149,149.25,2063513,3091.19
20/2/10 22:00,148.9,148,150.1,147.55,148.75,2020588,3005.77
20/2/10 23:00,147.65,145,148.35,145,148.2,3615167,5318.02
21/2/10 0:00,145.05,146.3,147.6,144,144.75,1855005,2699.14
21/2/10 1:00,145.5,142,146.8,141.6,145.8,2505101,3641.28
21/2/10 2:00,142.4,142.55,143.75,140.8,142.5,2305892,3285.91
21/2/10 3:00,141.8,144.35,145.2,141.1,142.35,2315264,3306.1
21/2/10 4:00,143.65,145.1,146.8,143.1,144.1,2997918,4355.49
21/2/10 5:00,145.35,146.25,147.8,144.75,145.8,2756146,4034.8
21/2/10 6:00,144.55,149,149.2,144.05,145,3835593,5596.79
21/2/10 7:00,147.7,142.5,148.35,142.5,147.5,5738832,8407.83
21/2/10 8:00,143.95,146.05,146.9,142.8,144.4,4246087,6161.68
21/2/10 9:00,144.3,155,155,141.1,144.9,11917625,17299.48
21/2/10 10:00,154.55,157.1,159.65,153.1,155.25,1842456,2891.59
21/2/10 11:00,156.55,160.4,161.25,155.1,156.75,1954941,3059.76
21/2/10 12:00,160.1,160.2,163,157.8,160.2,1175152,1883.24
21/2/10 13:00,160.35,164.4,167.9,159.05,161.5,2358582,3874.98
21/2/10 14:00,163.55,167.7,168.95,163.1,163.7,2080746,3437.64
21/2/10 15:00,167.6,168.5,169.8,165.9,167.8,1762917,2960.86
21/2/10 16:00,169.5,168,170,167.25,169.5,512878,868.66
21/2/10 17:00,167.7,164,169.9,161.55,168.3,3726470,6227.17
21/2/10 18:00,164,165,167.1,163.1,164.1,3033400,4991.85
21/2/10 19:00,165,163,166,162.65,165.3,1918758,3158.04
21/2/10 20:00,162.4,163.3,164.2,160.25,162.25,2067392,3350.14
21/2/10 21:00,163.25,164,166.25,162.3,163.1,1058274,1733.67
21/2/10 22:00,163.85,166.2,168.4,163.05,163.45,4412267,7337.93
21/2/10 23:00,165.45,159,166.4,158,165.75,4943284,8096.77
22/2/10 0:00,158.75,162.1,162.6,157,158.9,1228667,1950.57
22/2/10 1:00,161.85,160.4,162.8,159.9,162.25,1598301,2583.68
22/2/10 2:00,159.6,164.5,165.35,159,159.8,3257249,5252.89
22/2/10 3:00,164.2,163.2,165,162.25,164,2540836,4163.49
22/2/10 4:00,162,159.1,162.9,158.25,161.75,2724697,4381.6
22/2/10 5:00,158.05,160,160.2,155.35,157.1,1145582,1805.49
22/2/10 6:00,159.45,160.85,161.45,157.7,159.3,1281419,2039.09
22/2/10 7:00,160.05,161.15,163.45,159,159.8,1880046,3030.76
22/2/10 8:00,160.15,156,160.8,155.85,160.3,3124853,4978.8
22/2/10 9:00,155.55,155.7,158.2,154.15,155.3,2049580,3204.49
22/2/10 10:00,155.8,157,157.8,155.2,155.8,1720413,2688.94